Produk,Harga,Sold,Nama Toko
AMC Wireless Calling Paging System Mesin Antrian Food Court Restoran,Rp1.599.000,90+ terjual,amc_shopJakarta Utara
Mesin Antrian 3 Loket Wireless + Display Loket + Survey Kepuasan,Rp22.850.000,1 terjual,LuminixSalatiga
kiosk mesin antrian puskesmas klinik rumah sakit,Rp3.500.000,1 terjual,BMSITSTORESemarang
Mesin Antrian Puskesmas Sistem Aplikasi Puskesmas Terbaru,Rp9.990.000,,ArtNesia - Seni & Kerajinan KayuBandung
Wireless Calling System Restaurant Mesin Antrian 20 Pager,Rp3.846.500,,HomeProdukOnlineJakarta Utara
Printer Antrian Mesin Antrian Versi 4,Rp1.100.000,4.990+ terjual,Sala3.NETSalatiga
Wireless Calling System Restaurant Mesin Antrian 16 Pager - CTP301,Rp1.020.400,5.0100+ terjual,DiBudgetinJakarta Barat
Wireless Calling System Restaurant Mesin Panggil Antrian 16 Pager Queue Bell Call Alarm Bel Cafe Restoran,Rp1.095.000,4.9250+ terjual,GadgetSpeakerTangerang Selatan
Mesin Antrian Bel Cafe Restoran 20 Pager Wireless Calling System Queue Alarm 3 Call Mode 200mAh - QC8200,Rp73.500,5.01 terjual,DuboraJakarta Barat
Wireless Calling System Restaurant Pager -  Mesin Antrian Alarm Cafe,Rp1.500.000Rp1.950.000,4.650+ terjual,Barcodia IndonesiaJakarta Pusat
Wireless Calling System Restaurant Pager -  Mesin Antrian Alarm Cafe - 10 Pcs,Rp1.500.000Rp1.950.000,50+ terjual,Barcodia IndonesiaJakarta Pusat
Mesin Antrian Bundling 19 Inch,Rp30.000.000,1 terjual,BMSITSTORESemarang
Wireless Calling System Iware Q10 Mesin Antrian Cafe Restoran 10Call Pager Alarm isi 10 Pcs,Rp1.500.000Rp1.900.000,2 terjual,Barcodia IndonesiaJakarta Pusat
"Kiosk touchscreen 17"" mesin antrian anjungan murah promo terbatas",Rp9.449.000,30+ terjual,Ologis Official StoreJakarta Selatan
"CUSTOM BOX KIOSK, MESIN ANTRIAN, ANJUNGAN, DIGITAL SIGNAGE MURAH",Rp2.799.000,17 terjual,ARTHASAVANADIGITALKab. Bekasi
KERTAS THERMAL ROLL OTANI 80 X 80 MM ( BIRU ) - MESIN ANTRIAN & PARKIR,Rp12.700,4.9250+ terjual,Barcode Official StoreJakarta Pusat
Mesin Antrian Wireless Versi Basic,Rp1.099.000,5.030+ terjual,Sala3.NETSalatiga
"Software Antrian, Mesin Antrian Terbaru Support Webcam",Rp1.440.000Rp1.800.000,5.06 terjual,ArtNesia - Seni & Kerajinan KayuBandung
( 1 DUS ) KERTAS THERMAL OTANI 80 X 80 ( BIRU ) MESIN ANTRIAN & PARKIR,Rp750.000,5.027 terjual,Barcode Official StoreJakarta Pusat
PAKET MESIN ANTRIAN TOUCHSCREEN PAKET BASIC,Rp15.999.000,5.050+ terjual,Bcompbiz Digital TeknologiBogor
Wireless Calling System Restaurant Mesin Antrian 20 Pager - RTKS SU-68G,Rp1.750.100,5.013 terjual,DiBudgetinJakarta Barat
KERTAS THERMAL ROLL OTANI 80 X 80 MM HITAM MESIN ANTRIAN TIKET PARKIR,Rp12.700,4.910rb+ terjual,Barcode Official StoreJakarta Pusat
Mesin Antrian Dua Digit dengan Voice,Rp1.600.000,5.011 terjual,Sala3.NETSalatiga
Bell Alarm Wireless Calling Restaurant Mesin Antrian 11 Pager SU-668,Rp1.799.000,4.727 terjual,Astra FotoJakarta Pusat
Mesin Antrian Wireless 2 Digit Full Set dengan voice dan printer,Rp2.600.000,4.830+ terjual,Sala3.NETSalatiga
Retekess TD158 Wireless Guest Paging Calling System Mesin Antrian,Rp1.690.000,,USUKMA-GROSIR-JKTJakarta Pusat
Kiosk Mesin Antrian Puskesmas Klinik RS 17 Inch,Rp12.500.000,1 terjual,BMSITSTORESemarang
Mesin Antrian Multimedia Full Wireless dengan Display Signage 10 Loket,Rp35.500.000,2 terjual,LuminixSalatiga
Wireless Calling System Restaurant Mesin Antrian 30 Pager,Rp3.409.700,,HomeProdukOnlineJakarta Utara
Mesin Antrian Selfkiosk iMin Crane 32 inch dental printer 80 mm,Rp31.099.000,,iMin Official StoreJakarta Utara
Wireless Calling System Receiver Pager Mesin Antrian 1 PCS - CTP301,Rp62.800,4.940+ terjual,DiBudgetinJakarta Barat
Box Mesin Antrian Casing Kiosk 17 dan 19 in,Rp2.699.000,5.017 terjual,Ologis Industri CoatingKab. Bogor
Printer Thermal Mesin Antrian,Rp1.180.000,4.9100+ terjual,Sala3.NETSalatiga
Wireless Calling System Restaurant Pager - Mesin Antrian Alarm Cafe,Rp2.499.000,4.930+ terjual,axelposSurabaya
Mesin antrian 1 loket tanpa printer Wireless Qaytech,Rp950.000,4.990+ terjual,QaytechCimahi
MESIN ANTRIAN BPJS ONLINE PLUS SCANNER PLUS SOFTWARE BCOMPBIZ BASIC,Rp13.999.000,5.011 terjual,Bcompbiz Digital TeknologiBogor
Iware Wireless Calling System Mesin Antrian Restauran Caffe Shop 10 Pager Alarm 3 Mode Q10M,Rp1.500.000Rp2.000.000,,Iware Official Store
Mesin antrian semarang,Rp4.500.000,5.01 terjual,banking equipmentSemarang
Pager Antrian 10/16 Units Wireless Calling System Restaurant Mesin Antrian 10/16 Pager 100% ORI [EasySeller],Rp899.000,4 terjual,Easy Seller IDJakarta Barat
Wireless Calling System Restaurant Mesin Antrian Restoran 16 Pager Cafe,Rp969.000,5.02 terjual,Doge ShopJakarta Pusat
Wireless Calling System Restaurant Mesin Antrian 16 Pager,Rp1.512.000Rp1.890.000,,HomeProdukOnlineJakarta Utara
Mesin Antrian System / Antrian Mesin System,Rp2.875.000,60+ terjual,touchindoJakarta Utara
Mesin Antrian 19 Inch,Rp12.000.000,1 terjual,BMSITSTORESemarang
Wireless Calling System Mesin Antrian Cafe Restoran Termurah Terlaris,Rp1.290.000,250+ terjual,EtalaseBelanja StoreJakarta Pusat
Kios K Mesin Antrian Digital 19 Inch Touchscreen Display,Rp13.380.000,,BMSITSTORESemarang
AMC Additinal Pager Wireless Calling Paging System Mesin Antrian Food Court Restoran,Rp100.000,5.015 terjual,amc_shopJakarta Utara
"CUSTOM BOX KIOSK, MESIN ANTRIAN, ANJUNGAN, DIGITAL SIGNAGE MURAH",Rp2.799.000,5.017 terjual,ARTHASAVANADIGITALKab. Bekasi
KERTAS ROLL THERMAL 80 X 140 - 80X140 MM | MESIN ANTRIAN TIKET PARKIR,Rp78.000,4.8100+ terjual,Barcode Official StoreJakarta Pusat
Mesin Antrian 1 loket voice announcer Next Call dan Recall,Rp690.000,5.070+ terjual,MAESTRO LEDSurabaya
Wireless Calling System Restaurant Restoran Cafe Alat Mesin Antrian,Rp1.050.000,5.015 terjual,aksesoris-iPhoneBandung
"MESIN ANTRIAN, APLIKASI MESIN ANTRIAN LENGKAP",Rp2.000.000,,sala3-collectionKab. Bogor
1 DUS - KERTAS THERMAL OTANI 80 X 80 HITAM MESIN ANTRIAN TIKET PARKIR,Rp750.000,4.960+ terjual,Barcode Official StoreJakarta Pusat
Mesin Antrian Alarm Antrian Kasir Wireless Calling System Restaurant Mesin Antrian 16 Pager - CTP301 - Black,Rp1.223.320Rp1.799.000,5.013 terjual,tokoteknologiBandung
Mesin Antrian Restoran - Retekess TD157 - 1 Mesin 16 Pager,Rp1.490.000,5.090+ terjual,SG ElektronikJakarta Pusat
kiosk mesin antrian puskesmas klinik rumah sakit,Rp3.500.000,1 terjual,BMSITSTORESemarang
Printer Tiket Antrian Mesin Karcis Antrian Mesin Antrian,Rp1.099.000,5.05 terjual,TentronikSurabaya
Mesin Antrian OLOGIS Kiosk Anjungan Touchscreen Tipe Minimalis,Rp8.749.000,5.01 terjual,Ologis Official StoreJakarta Selatan
Bel Alarm Meja Restoran Mesin Antrian Wireless Bell Calling System Restaurant Receiver Pager (1 PCS),Rp77.300,,Ghani Gadget StoreJakarta Barat
Mesin Antrian Sistem Antrian Sederhana Android,Rp800.000,5.026 terjual,SAHITRONBandung
Mesin Antrian Voice Announcer Lengkap Keypad + Speaker,Rp1.100.000,5.014 terjual,MAESTRO LEDSurabaya
Wireless Calling System Restaurant Mesin Antrian Cafe Restoran Pager Alarm Panggil Customer,Rp1.450.000Rp2.000.000,1 terjual,WATCHFORYOU OfficialBandung
"Kiosk touchscreen 17"" mesin antrian anjungan murah promo terbatas",Rp9.449.000,4.830+ terjual,Ologis Official StoreJakarta Selatan
Controller Mesin Antrian Voice Announcer + Keypad,Rp570.000,5.01 terjual,MAESTRO LEDSurabaya
KIOSK ANJUNGAN MESIN ANTRIAN TERBARU BERKUALITAS 24 INCI,Rp6.600.000,1 terjual,Kios BarcodeBekasi
"Mesin Antrian Kiosk Touchscreen 19"" Terjangkau",Rp10.449.000,5.02 terjual,Ologis Official StoreJakarta Selatan
20Call Mesin Antrian Wireless pager System Utk Alarm restoran/cafe,Rp2.499.000,5.06 terjual,Barcodia IndonesiaJakarta Pusat
Mesin Antrian Multimedia Full Wireless Simple dan PowerFull,Rp6.500.000,5.018 terjual,Sala3.NETSalatiga
mesin nomor antrian,Rp999.888,4.9100+ terjual,Aneka Led KomponenKab. Brebes
Tombol Mesin Antrian Versi 3 Sala3NET Wireless,Rp500.000,5.022 terjual,Sala3.NETSalatiga
"Mesin Antrian murah WIRELESS, 1 layanan, bersuara",Rp800.000,5.03 terjual,Cipta Media TeknologiKab. Badung
Wireless Calling System LED Display Mesin Antrian Restoran Speaker - C34 Pro,Rp350.900,5.08 terjual,DiBudgetinJakarta Barat
Wireless Calling System Mesin Antrian Cafe Restoran Termurah Terlaris,Rp1.290.000,5.0250+ terjual,EtalaseBelanja StoreJakarta Pusat
Mesin Antrian / Printer KIOSK / anjungan / Tiket Antrian,Rp898.000,5.012 terjual,SEKTOR LEDTangerang Selatan
Alarm Cafe Wireless Calling Restaurant Mesin Antrian 20 Pager SU-68G,Rp1.850.000,5.02 terjual,Astra FotoJakarta Pusat
Mesin Pemanggil Antrian Customer Calling System SU68Z Isi 20 Remote,Rp2.083.000Rp2.240.000,5.04 terjual,Smart ProductTangerang
printer karcis nomor mesin antrian custom,Rp1.100.000,5.030+ terjual,atmen storeKab. Temanggung
Mesin Pemanggil Antrian Loket Wireless LED Display 3 FULLSET Speaker Calling System,Rp765.000,,SHOP PUTULBekasi
paket lengkap Mesin Antrian 19 inch Rumah Sakit,Rp45.000.000,,Aditya Display AbadiKab. Tangerang
"Mesin Antrian Online BPJS, Consolebox antrian BPJS",Rp14.000.000,5.02 terjual,Hidayat4DZMedan
mesin antrian touchscreen,Rp7.000.000,,id computer banyuwangiKab. Banyuwangi
Wireless Calling System Restaurant Rumah Makan Mesin Antrian Panggil 10 Pcs Pager,Rp1.950.000Rp2.932.500,,HomeProdukOnlineJakarta Utara
MESIN ANTRIAN TOMBOL,Rp15.000.000,,BMSITSTORESemarang
printer karcis nomor mesin antrian custom,Rp1.100.000,30+ terjual,atmen storeKab. Temanggung
Kios K Mesin Antrian Klinik/Puskesmas BPJS,Rp12.300.000,,BMSITSTORESemarang
Mesin Antrian System Satpas SIM Custom,Rp55.000.000,,Shareefa_JA GaleryDepok
MESIN ANTRIAN SEKOLAH 17 INCH TOUCHSCREEN,Rp14.900.000,,BMSITSTORESemarang
Wireless Calling System Restaurant Pager - Mesin Antrian Alarm Cafe - RP02A,Rp2.499.000,30+ terjual,axelposJakarta Pusat
Mesin Antrian Kios K BPJS,Rp21.500.000,,BMSITSTORESemarang
Kios K Mesin Antrian Double Printer + TAP NFC,Rp23.000.000,,banking equipmentSemarang
MESIN ANTRIAN ONLINE BANKING ALL IN,Rp35.000.000,,BMSITSTORESemarang
"Wireless Calling System Restaurant Mesin Antrian 20 Pager/10 Pager Enkoder Learning Coding (AM) Buzzer, Flash, dan Vibration",Rp1.497.544,5.01 terjual,Tas VisionJakarta Barat
MESIN ANTRIAN PUSKESMAS KLINIK JKN BPJS TIDAK TERMASUK TV,Rp12.990.000,4.813 terjual,Bcompbiz Digital TeknologiBogor
Mesin Antrian 3 Digit Wireless 1 Layanan dengan voice,Rp2.200.000,5.020 terjual,Sala3.NETSalatiga
Box mesin Antrian BPJS,Rp3.500.000,,Indotech Media VisionSemarang
Mesin Antrian Multimedia Full Wireless dengan Display Signage 10 Loket,Rp35.500.000,2 terjual,LuminixSalatiga
Wireless Calling System Restaurant Mesin Panggil Antrian 10 Pcs Pager,Rp5.612.700,,HomeProdukOnlineJakarta Utara
MESIN ANTRIAN PELAYANAN CUSTOM DESIGN,Rp25.000.000,,BMSITSTORESemarang
16In1 Wireless Calling System Restaurant Pager Mesin Antrian Restoran,Rp1.388.000,6 terjual,Momen HatiTangerang
MESIN ANTRIAN PELAYANAN DAN SOFTWARE CUSTOM,Rp17.500.000,,BMSITSTORESemarang
Wireless Calling System Restaurant Pager - Mesin Antrian Alarm Cafe Iware Q10M,Rp1.500.000Rp2.000.000,,axelposJakarta Pusat
Tombol Mesin Antrian Versi 3 Full Wireless Terbaru,Rp755.000,,Active toko agung best official 9Jakarta Selatan
Pager Mesin Antrian Wireless Calling System Receiver - CTP302,Rp64.000,,WarunkNgonlineJakarta Barat
PAKET MESIN ANTRIAN PELAYANAN PUBLIK PAKET KHUSUS,Rp13.999.000,5.010 terjual,Bcompbiz Digital TeknologiBogor
Printer Mesin Antrian Auto Cut High Speed Versi 2 Sala3.NET,Rp2.300.000,5.040+ terjual,Sala3.NETSalatiga
Mesin Antrian Bank Bri,Rp26.000.000,,Indotech Media VisionSemarang
"Mesin Antrian Murah Touchscreen 17"" Anjungan Mandiri Promo Terbatas",Rp9.449.000,4.818 terjual,Ologis Official StoreJakarta Selatan
Mesin Antrian Restoran Wireless Calling System 10 16 18 20 30 Pager Call Bel Panggil Kasir Cafe Jarak Jauh,Rp1.451.200,1 terjual,LARYZ STOREJakarta Barat
RTKS Wireless Calling System Receiver Pager Mesin Antrian - CTP302,Rp80.000,,Astra FotoJakarta Pusat
"Mesin Antrian Puskesmas Kiosk Touchscreen 17""Komplit",Rp24.865.000,,amayatokoTangerang
"Aplikasi Antrian Online, Software Mesin Antrian Bank, Puskesmas, dll",Rp2.400.000Rp3.000.000,5.014 terjual,ArtNesia - Seni & Kerajinan KayuBandung
Mesin Antrian Puskesmas 19 Inch,Rp12.000.000,1 terjual,BMSITSTORESemarang
"Mesin Antrian Murah Touchscreen 17"" Anjungan Mandiri Promo Terbatas",Rp9.449.000,18 terjual,Ologis Official StoreJakarta Selatan
MESIN ANTRIAN BANK  DAN SOFTWARE CUSTOM,Rp15.000.000,,BMSITSTORESemarang
Wireless Calling System Restaurant Mesin Antrian 10 Pager,Rp2.654.300,,HomeProdukOnlineJakarta Utara
Standing Box Kios K Mesin Antrian,Rp3.200.000,1 terjual,BMSITSTORESemarang
KERTAS THERMAL ROLL OTANI 80 X 65 M HITAM MESIN ANTRIAN TIKET PARKIR,Rp12.700,5.060+ terjual,Barcode Official StoreJakarta Pusat
Mesin Antrian Selfkiosk iMin Crane 32 inch dental printer 80 mm,Rp31.099.000,,iMin Official StoreJakarta Utara
SOFTWARE MESIN ANTRIAN CUSTOM UNLIMITED,Rp500.000,5.06 terjual,kutauyangkumauKab. Sumedang
16Call Mesin Antrian Wireless calling System Pager Alarm restoran/cafe,Rp1.299.000,4.9100+ terjual,FunToys711Cimahi
Wireless Calling System Iware Q10 Mesin Antrian Cafe Restoran 10Call Pager Alarm isi 10 Pcs,Rp1.500.000Rp1.900.000,5.02 terjual,Barcodia IndonesiaJakarta Pusat
Mesin Antrian Touchscreen WaitMate (Sudah Termasuk Pajak),Rp29.970.000,,WaitHub (Formerly AntriQue)Bandung
mesin antrian - nomor antrian multimedia hemat,Rp2.000.000,5.02 terjual,Dunia DuinoBandung
PAKET MESIN ANTRIAN TOUCHSCREEN BEST SELLER,Rp9.250.000,,prima jaya komputer cctv & advertisingTasikmalaya
Printer Tiket Antrian Mesin Karcis Antrian Mesin Antrian Auto Cutter,Rp2.099.000,5.03 terjual,TentronikSurabaya
Iware Pager Wireless Calling System Mesin Antrian Restauran Caffe Shop 10 Pager Alarm 3 Mode Q10M,Rp1.500.000,1 terjual,astikomDenpasar
Mesin Antrian Rumah Sakit Paket BPJS,Rp19.500.000,,banking equipmentSemarang
MESIN ANTRIAN MINI MODEL TOMBOL SEMI MULTIMEDIA,Rp11.500.000,,BMSITSTORESemarang
Wireless Calling System Restaurant Mesin Antrian 10 Pcs Pager,Rp2.551.500,,HomeProdukOnlineJakarta Utara
Mesin Antrian Bpjs 17 Inch Computer,Rp13.000.000,,BMSITSTORESemarang
Mesin Antrian Bel Cafe Restoran 20 Pager Wireless Calling System Queue Alarm - SU68G,Rp2.391.800,,Buzper OfficialJakarta Barat
Pager Mesin Antrian Receiver Bel Cafe Restoran Wireless Calling Queuing System - SU668,Rp195.800,,Buzper OfficialJakarta Barat
Wireless Calling Call Waiting System Restaurant Mesin Tunggu Antrian Bel Panggil Customer Pembeli Pengunjung Restoran Cafe Toko Kantor Bank Rumah Makan 16 Pager,Rp1.350.000Rp1.605.500,5.03 terjual,IstoreproJakarta Barat
Retekess TD158 Wireless Guest Paging Calling System Mesin Antrian,Rp1.690.000,5.01 terjual,MG ElektronikJakarta Pusat
RETEKESS Wireless Calling System Restaurant Mesin Antrian 20 Pager - TD172,Rp1.369.900,,DiBudgetinJakarta Barat
Mesin Antrian 1 loket Wireless bel ting tong,Rp1.100.000,5.021 terjual,MAESTRO LEDSurabaya
box mesin antrian,Rp6.050.000,4.53 terjual,banking equipmentSemarang
Kontrol Mesin Antrian Custom,Rp600.000,,romtechKab. Kebumen
box mesin antrian,Rp3.000.000,4.01 terjual,atk semarangSemarang
Mesin Antrian Wireless dengan printer auto cut,Rp4.500.000,4.921 terjual,Sala3.NETSalatiga
Mesin Antrian Puskesmas 19 Inch,Rp12.000.000,5.01 terjual,BMSITSTORESemarang
Iware Wireless Calling System Mesin Antrian Restauran Caffe Shop 10 Pager Alarm 3 Mode Q10M,Rp1.450.000Rp3.250.000,5.02 terjual,AUTO BARCODESurabaya
Mesin Antrian 4 Loket Full Wireless dengan Printer auto Cutter,Rp5.400.000,5.04 terjual,Sala3.NETSalatiga
Stock Ready Printer Antrian Mesin Antrian Versi 4 Terlaris,Rp1.698.000,,ALDIMEBBandung
Mesin Antrian Bel Cafe Restoran 16 Pager Wireless Calling System Queue Alarm 3 Call Mode 250mAh - CTP301,Rp1.464.700,,DuboraJakarta Barat
Mesin Antrian Puskesmas 1 Layanan,Rp10.500.000,5.05 terjual,avelektroKab. Malang
Wireless Calling System Receiver Pager 1 PCS Mesin Antrian for CTP302 - TD157,Rp64.000,2 terjual,DiBudgetinJakarta Barat
Mesin antrian Multi loket tanpa printer Wireless Qaytech,Rp1.150.000,5.03 terjual,QaytechCimahi
KERTAS THERMAL ROLL CODESHOP 80 X 80 MM HITAM MESIN ANTRIAN PARKIR,Rp15.000,5.04 terjual,CODESHOP SURABAYA TIMURSurabaya
MESIN ANTRIAN BANK WIRELESS BUTTON,Rp18.000.000,5.04 terjual,ITMulticompBogor
"Mesin Antrian Kiosk touchscreen 19"" Terjangkau Komplit",Rp21.000.000,5.011 terjual,Ologis Official StoreJakarta Selatan
Iware Q10M Wireless Calling System Mesin Antrian Restauran Cafe Shop 10 Pager Alarm 3 Mode Q10M,Rp1.450.000Rp3.365.000,,MALANG POSMalang
Tombol Mesin Antrian Sala3.Net include baterai,Rp400.000,5.017 terjual,Sala3.NETSalatiga
Calling System Restaurant Wireless Pager Mesin Antrian Alarm Cafe shop,Rp2.499.000,5.030+ terjual,Iware Official StoreSurabaya
Paket Mesin antrian 1 loket Wireless QAYTECH,Rp1.950.000,5.019 terjual,QaytechCimahi
KERTAS ROLL THERMAL OTANI 80X140 MM - MESIN ANTRIAN UNTUK MESIN ATM,Rp57.000,4.940+ terjual,CODESHOP SURABAYA BARATSurabaya
kiosk mesin antrian core i3,Rp12.500.000,4.810 terjual,ITMulticompBogor
Wireless Calling System Receiver Pager Panggilan Mesin Antrian Kasir Pemanggil 1 PCS - Taffware RTKS LFTZ44,Rp77.900,,BudgetGadgetJakarta Barat
"Kiosk touchscreen 17"" mesin antrian anjungan terjangkau tanpa software",Rp9.449.000,5.06 terjual,Ologis Official StoreJakarta Selatan
Wireless Calling System Restaurant Rumah Makan Mesin Antrian Panggil 10 Pcs Pager Set,Rp2.050.000Rp2.932.500,1 terjual,HomeProdukOnlineJakarta Utara
Kios K Mesin Antrian Digital 24 inch Touchscreen Display Model Potrait,Rp22.990.000,,rdvindoprintBekasi
Wireless Calling System Receiver Pager Bell Mesin Antrian Bel Alarm Meja Restoran (1 PCS),Rp95.100,,Ghani Gadget StoreJakarta Barat
Wireless Calling System Restaurant Mesin Antrian 10 Pager RETEKESS T116A,Rp1.450.000,2 terjual,K.T SHOPSurabaya
Wireless Calling System LED Display Mesin Antrian Speaker - C34 Pro,Rp465.500,,importermurahJakarta Barat
KERTAS ROLL THERMAL 80 X 140 - 80X140 MM | MESIN ANTRIAN TIKET PARKIR,Rp57.000,5.02 terjual,CODESHOP SURABAYA BARATSurabaya
Custom scoreboard | mesin antrian | led display,Rp1.600.000,4.023 terjual,QaytechCimahi
KIOS K MESIN ANTRIAN BPJS LENGKAP,Rp13.500.000,,BMSITSTORESemarang
Display Mesin Antrian Otomatis 7 Segment,Rp2.400.000,,prima electronicJakarta Barat
Mesin Antrian Rumah Sakit BPJS,Rp13.900.000,,BMSITSTORESemarang
Wireless Calling System Restaurant Rumah Makan Mesin Antrian Panggil 10 Pcs Pager Set - Set 10Rec,Rp2.050.000Rp2.932.500,1 terjual,HomeProdukOnlineJakarta Utara
MESIN ANTRIAN MODEL TOMBOL SEMI MULTIMEDIA,Rp18.500.000,,BMSITSTORESemarang
MESIN ANTRIAN MODEL TOMBOL SEMI MULTIMEDIA,Rp22.000.000,,banking equipmentSemarang
Mesin Antrian Bank BJB BRI Mandiri BNI BPR,Rp21.000.000,,BMSITSTORESemarang
mesin antrian restoran kafe Wireless Calling System Restaurant Mesin Antrian 10 Pager - SU-68G-10 - Black,Rp1.506.700,,Azkindo PratamaBekasi
"Kios K Mesin Antrian Digital 21,5 Inch Touchscreen",Rp17.500.000,,BMSITSTORESemarang
MESIN ANTRIAN SEKOLAH 17 INCH TOUCHSCREEN,Rp19.000.000,,banking equipmentSemarang
RTKS Wireless Calling System Restaurant Mesin Antrian 16 Pager hitam,Rp1.225.000,5.04 terjual,kuinginbeliYogyakarta
Mesin Antrian Rumah Sakit BPJS,Rp13.900.000,5.02 terjual,cv rdv indo printKab. Sumedang
RETEKESS Wireless Calling System Restaurant Mesin Antrian 16 Pager - TD157 RTKS Bel Restoran,Rp1.599.000,,Astra FotoJakarta Pusat
Calling System Restaurant Wireless Pager Mesin Antrian Alarm Cafe shop,Rp2.499.000,5.018 terjual,Iware Store SurabayaSurabaya
Wireless Calling System Restaurant Mesin Antrian 16 Pager Hitam CTP301 RTKS,Rp995.000,2 terjual,JLSMarketJakarta Barat
box mesin antrian android kiosk,Rp4.000.000,,BMSITSTORESemarang
Wireless  Bel Calling System Restaurant Rumah Makan Cafe Mesin Antrian 10 Pager,Rp2.855.700,,HomeProdukOnlineJakarta Utara
Kios K Mesin Antrian Double Printer + TAP NFC,Rp19.300.000,,BMSITSTORESemarang
Wireless Calling System LED Display Mesin Antrian Speaker,Rp920.000Rp1.150.000,,HomeProdukOnlineJakarta Utara
Kios K Mesin Antrian Double Printer + TAP NFC Custom,Rp19.300.000,,BMSITSTORESemarang
Wireless Calling System Restaurant Mesin Antrian 16 Pager - CTP302,Rp1.023.200,10 terjual,DiBudgetinJakarta Barat
Mesin Antrian Bel Cafe Restoran 10 Pager Wireless Calling System Alarm 2 Call Mode 300mAh - TD164,Rp1.644.300,,DuboraJakarta Barat
tombol angka mesin antrian dan bel otomatis,Rp12.000,5.01 terjual,atmen storeKab. Temanggung
printer nomor mesin antri antrian,Rp1.200.000,4.930+ terjual,atmen storeKab. Temanggung
Alat Pemanggil Antrian Restoran / Bel pemanggil pelanggan Wireless Calling System Mesin Restaurant,Rp1.385.000Rp3.700.000,5.015 terjual,Hary KnightKab. Bogor
Mesin Antrian Blueprint ECO 58D ( USB + BT + RJ11 ) Printer Bluetooth Thermal Kasir Struk ECO58D,Rp357.000,,Sadar Jaya MajuSurakarta
Mesin Antrian Restoran / Resto Cafe Sharkpos RP20A Guest Paging Kasir,Rp2.235.000Rp3.250.000,5.01 terjual,AUTO BARCODESurabaya
Jual Mesin Antrian Box - Harga Box Alat Antrian,Rp4.200.000,,Pradana KomputerJakarta Utara
Mesin Antrian InterActive Multimedia Queue System Touch Screen V.6,Rp6.270.000,,InterActive Official StoreSurabaya
Wireless Calling System Restaurant Mesin Antrian 10 Pager - TD158,Rp1.255.900,,BELIKIJakarta Barat
Mesin Antrian System / Antrian Mesin System 3 Display 1 keypad Call,Rp7.250.000,1 terjual,touchindoJakarta Utara
Mesin Antrian Design Modern (Box Only),Rp3.850.000,1 terjual,PROLABELSurabaya
Mesin Antrian System Layar Display Tanpa Keypad,Rp2.050.000,,touchindoJakarta Utara
Mesin Antrian Cafe Bar PUB Distro Pujasera Pager Restoran CPS-T112,Rp2.980.000,1 terjual,USUKMA-GROSIR-JKTJakarta Pusat
Printer Thermal Mesin Antrian,Rp1.180.000,100+ terjual,Sala3.NETSalatiga
Mesin Antrian KIOSK Standar Touchscreen Pajak/Layanan Publik/Puskesmas,Rp11.500.000,,ArtNesia - Seni & Kerajinan KayuBandung
Mesin Antrian Restoran - Popular Wireless Guest Paging System,Rp1.490.000,4.940+ terjual,USUKMA-GROSIR-JKTJakarta Pusat
kiosk mesin antrian 17 inch,Rp7.800.000,,Absterghost StoreBekasi
"mesin antrian wireless hanya papanya saja tidak ada kelengkapan apa2, belum di coba, harga gambling tanpa garansi, abaikan gambar terakhir",Rp215.000,,etnic-cellYogyakarta
Mesin Antrian Bel Cafe Restoran 20 Pager Wireless Calling System Queue Alarm - QC8200,Rp2.147.800,1 terjual,Buzper OfficialJakarta Barat
Alarm Antrian Alat Panggil Antrian Pesanan Restoran Cafe Wireless Calling System Restaurant Mesin Antrian,Rp1.384.200,,Upin Ipin MallJakarta Barat
Wireless Calling System Receiver Pager Mesin Antrian - TD157,Rp63.900,,CENTRAL KITJakarta Barat
Mesin Antrian Digital Dengan Kamera Barcode Dan Fingerprint Kios K,Rp13.800.000,,rdvindoprintBekasi
MESIN NOMOR ANTRIAN OTOMATIS,Rp1.200.000,5.02 terjual,EndiLedBekasi
( 1 DUS ) KERTAS THERMAL 80 X 80 MM MESIN ANTRIAN TIKET PARKIR EPSON,Rp750.000,5.011 terjual,Barcode Official StoreJakarta Pusat
Mesin Antrian Pager Wireless Calling System Restaurant - 10 Pager,Rp1.690.000,,TAFFHOME STOREJakarta Barat
Console Box Mesin Antrian BPJS,Rp11.000.000,,cv rdv indo printKab. Sumedang
Wireless Calling System LED Mesin Nomor Antrian Speaker Keypad - TD101,Rp1.393.520,,OnePortalJakarta Barat
box mesin antrian,Rp6.050.000,3 terjual,banking equipmentSemarang
kontrol printer tiket mesin antrian antri,Rp800.000,1 terjual,atmen storeKab. Temanggung
"Mesin antrian BPJS Puskesmas, Klinik, RS Bisa custom",Rp12.000.000,,Hidayat4DZMedan
KERTAS ROLL THERMAL 80 X 80 mm - PRINTER MESIN ANTRIAN TIKET PARKIR,Rp18.500,4.7100+ terjual,Barcode Official StoreJakarta Pusat
RTKS Wireless Calling System Receiver Pager Mesin Antrian - SU-668,Rp179.400Rp243.600,,Bahira01Jakarta Barat
Wireless Calling System Receiver Pager Mesin Antrian  - TD157,Rp64.000,,VersklaJakarta Barat
mesin nomor antrian 2 LOKET,Rp1.135.000,4.928 terjual,Aneka Led KomponenKab. Brebes
KERTAS ROLL THERMAL 80x140 mm | MESIN ANTRIAN TIKET PARKIR THERMAROL,Rp78.000,5.011 terjual,CODESHOP SURABAYA BARATSurabaya
Printer Mesin Antrian 3 Layanan,Rp1.340.000,5.030+ terjual,Sala3.NETSalatiga
Mesin Antrian Restoran 10 Pager Wireless Calling System Restaurant,Rp1.599.999,,OnePortalJakarta Barat
tombol mesin antrian Wireless Qaytech,Rp195.000,5.08 terjual,QaytechCimahi
Mesin Antrian 19 Inch,Rp12.000.000,5.01 terjual,BMSITSTORESemarang
"COVER MESIN ANJUNGAN, KIOSK, ANTRIAN MURAH BERKUALITAS (BISA CUSTOM)",Rp4.500.000,5.03 terjual,ARTHASAVANADIGITALKab. Bekasi
Wireless Calling System Restaurant Pager - Mesin Antrian Alarm Cafe Iware Q10M,Rp1.500.000Rp2.000.000,,axelposSurabaya
Mesin Antrian Wireless dengan panggilan suara manusia dan display LED,Rp2.200.000,5.06 terjual,Sala3.NETSalatiga
Software Mesin Antrian,Rp500.000,4.74 terjual,Ologis Official StoreJakarta Selatan
MESIN ANTRIAN MULTIMEDIA TANPA TV,Rp14.000.000,,BCOMP MAKASSARMakassar
IWARE Mesin Antrian Alarm Cafe shop RP-20A Wireless Calling System,Rp2.499.000,1 terjual,ATI OFFICIAL STORESurabaya
tiket mesin antrian 1 loket + data serial,Rp2.999.999,1 terjual,Dunia DuinoBandung
YOUTHINK Wireless Calling System Restaurant Mesin Antrian 20 Pager,Rp1.849.900,,MinimusincBandung
Printer Tiket mesin Antrian auto cutter,Rp3.200.000,5.013 terjual,Cipta Media TeknologiKab. Badung
Mesin Kios Antrian,Rp4.000.000,,MediatamaMedan
Wireless Calling System Restaurant Mesin Antrian 10 Pager - LFTZ44,Rp1.170.100,1 terjual,DiBudgetinJakarta Barat
Mesin Antrian Bel Cafe Restoran 10 Pager Wireless Calling System Alarm 3 Call Mode 360mAh - SU68G10,Rp1.480.000,,DuboraJakarta Barat
Mesin antrian system suara,Rp1.450.000,,EndiLedBekasi
Mesin Alat Antrian Ekonomis â€“ Harga Sangat Murah,Rp1.500.000,,MesinAntrianPekanbaruPekanbaru
MESIN ANTRIAN SEKOLAH 19 INCH TOUCHSCREEN,Rp15.250.000,,atk semarangSemarang
Pengeras Suara Dengan Speaker Ganda Sistem Panggilan Nirkabel 3-4 Digit Tampilan LED Untuk Menunggu Antri Mesin Antrian Restoran Kantor Pelayanan dll Sound Amplifier With Dual Speakers 3-4 Digit Wireless Calling System Led Display For Restaurant Waiting,Rp528.500,,ZileniumJakarta Barat
Digital Signage 17 19 22 Inchi Mesin Antrian Custome Touch-Non-screen,Rp28.999.999,,SmartdisplayJakarta Barat
printer nomor mesin antrian autocutter v2,Rp3.154.000,,Ardistore938Depok
Mesin Antrian Dua Digit dengan Voice dan Printer,Rp2.599.000,5.030+ terjual,Sala3.NETSalatiga
Mesin Antrian Restauran Cafe Wireless Calling System 16 Pager Bel Mesin Panggil,Rp95.000,,HomeGaleriiJakarta Barat
Kontroller - Controller Mesin Antrian Sederhana 1 Panel P10,Rp180.000Rp200.000,5.06 terjual,bmzstoreKab. Sleman
Retekess wireless calling queuing system Mesin Antrian Vibrate 10 ch,Rp1.550.000,5.014 terjual,USUKMA-GROSIR-JKTJakarta Pusat
RETEKESS Wireless Calling System Restaurant Mesin Antrian 16 Pager - TD175,Rp1.030.900,,DiBudgetinJakarta Barat
Kios K Mesin Antrian Klinik/Puskesmas BPJS,Rp12.300.000,,atk semarangSemarang
Mesin Antrian 2 Layanan Single display dengan printer autocut,Rp5.100.000,5.03 terjual,Sala3.NETSalatiga
Mesin antri wireless 5 loket,Rp2.600.000,2 terjual,atmen storeKab. Temanggung
Wireless Calling System Restaurant Pager Mesin Antri Bel Panggil resto,Rp2.950.000,2 terjual,MG ElektronikJakarta Pusat
mesin antri 4 loket sederhana,Rp1.700.000,4 terjual,atmen storeKab. Temanggung
alat mesin antri panggil panggilan pemanggil Wireless Calling System Restaurant Mesin Antrian 10 Pager - Hitam,Rp2.014.042Rp2.055.145,,CMAG storeJakarta Barat
printer nomor mesin antri antrian,Rp1.200.000,30+ terjual,atmen storeKab. Temanggung
alat mesin antri panggil panggilan pemanggil Wireless Calling System Restaurant Mesin Antrian 10 Pager Coms store,Rp2.014.042Rp2.055.145,,Coms StoreJakarta Barat
Mesin antri wireless 2 loket,Rp1.550.000,10 terjual,atmen storeKab. Temanggung
Mesin antri dg nama 3 Loket,Rp2.300.000,1 terjual,atmen storeKab. Temanggung
printer tiket antri antrian autocutter,Rp1.750.000,30+ terjual,atmen storeKab. Temanggung
mesin antri LED 4 loket 4 layanan,Rp1.450.000,3 terjual,atmen storeKab. Temanggung
Tambahan display untuk mesin antrian 3 digit,Rp1.000.000,5.07 terjual,Sala3.NETSalatiga
Mesin Antrian 6 Loket Wiralles,Rp25.800.000,,VETRONIKSemarang
Printer Thermal Mesin Antrian dua loket,Rp1.340.000,4.950+ terjual,Sala3.NETSalatiga
mesin antrian hemat wireless plus tiketing,Rp1.500.000,5.03 terjual,Dunia DuinoBandung
MESIN KIOSK ANTRIAN | KIOSK LAYANAN MANDIRI | MESIN ANJUNGAN TERIMA PERMINTAAN CUSTOM,Rp2.500.000,,intimultisolusiJakarta Utara
mesin antri wireless komputer 4 loket,Rp2.400.000,2 terjual,atmen storeKab. Temanggung
Mesin antri display 2 loket sederhana,Rp1.050.000,11 terjual,atmen storeKab. Temanggung
mesin antri wireless komputer 7 loket,Rp3.450.000,1 terjual,atmen storeKab. Temanggung
printer tiket antrian antri ada jam,Rp1.000.000,20 terjual,atmen storeKab. Temanggung
MESIN ANTRIAN BPJS ONLINE PLUS SCANNER DAN SOFTWARE BCOMPBIZ BASIC,Rp15.000.000,,BCOMP MAKASSARMakassar
Calling Sistem Type SU-68Z Mesin pemanggil antrian Tombol restoran,Rp2.083.000Rp2.244.000,4.540+ terjual,T4ShoppingTangerang
Printer Mesin Antrian Auto Cut Satu Set dengan Meja Anjungan Printer,Rp3.600.000,5.06 terjual,Sala3.NETSalatiga
PRINTER THERMAL KASIR MESIN ANTRIAN 58MM [AUTOCUTTER/USB/RJ11] C90E,Rp570.000,,SMART STORE SOLUTIONKab. Sleman
mesin antrian 1 loket sederhana,Rp1.100.000,5.01 terjual,atmen storeKab. Temanggung
Mesin antrian kel binong,Rp19.000.000,1 terjual,cv rdv indo printKab. Sumedang
Digital Signage 22 19 17 Inchi Mesin Antrian Custome Touch-Non-screen,Rp35.999.999,,SmartdisplayJakarta Barat
Paket Mesin antrian 1 loket lengkap,Rp2.450.000,5.02 terjual,QaytechCimahi
16 In 1 Wireless Calling System Mesin Tunggu Antrian Bel Pager Wireles,Rp2.827.110,,Hommey_idJakarta Barat
"Harga Mesin Antrian Puskesmas, Mesin Antrian Pasien SIAP PAKAI Paket 1",Rp15.000.000,,Pradana KomputerJakarta Utara
Display Tambahan untuk Mesin Antrian 1 loket Wireless bel ting tong,Rp750.000,5.05 terjual,MAESTRO LEDSurabaya
Mesin Antrian 1 Loket wiraless,Rp11.899.000,,VETRONIKSemarang
Box Kiosk Mesin Antrian BPJS,Rp3.500.000,,Indotech Media VisionSemarang
Mesin Kiosk Kasir Mesin Antrian Touchscreen 21 inch SSD 128GB,Rp5.300.000,,Comzone OnlineJakarta Pusat
PACKING KAYU MESIN ANTRIAN,Rp400.000,5.014 terjual,ARTHASAVANADIGITALKab. Bekasi
mesin antrian p10 wireless,Rp2.200.000,2 terjual,Cipta Media TeknologiKab. Badung
Wireless Calling Receiver System LED Mesin Antrian Speaker - T114,Rp351.500,,BELIKIJakarta Barat
Mesin Antrian Wireless Multimedia Versi Portable,Rp7.500.000,,Sala3.NETSalatiga
tombol panggil mesin antrian (wireless),Rp300.000,5.020 terjual,Cipta Media TeknologiKab. Badung
MESIN ANTRIAN BEL CAFE RESTORAN 20 PAGER WIRELESS CALLING SYSTEM QUEUE ALARM 3 CALL MODE 200MAH - QC8200,Rp939.400,,Makmur SaputraBogor
Kabel Mesin Antrian,Rp10.000,5.030+ terjual,Sala3.NETSalatiga
Paket mesin antrian 3 loket dan printer,Rp2.250.000,5.01 terjual,LMbeautycare BandungCimahi
Pager Restaurant 10 Pager Mesin Antrian Wireless Calling System Restaurant Wireless Calling Restaurant Bel Wireless Restoran Pager Wireless Bel Mesin Panggil Restaurant Alarm Antrian Cafe Restoran Wireless Call Queue Paging System,Rp1.355.000Rp1.740.000,4 terjual,Abata Garden ToolsJakarta Barat
Mesin Antrian Restoran - 1 Transmitter / Charging Base - 20 Pager,Rp2.980.000,5.04 terjual,USUKMA-GROSIR-JKTJakarta Pusat
Wireless Calling System Receiver Pager Mesin Antrian BLACK,Rp68.500,,Dunia Home ApplianceBandung
Printer Thermal Mesin Antrian Best,Rp1.702.000,,DEPO DUTA PERKAKASJakarta Barat
Tambahan Display belakang mesin antrian,Rp900.000,5.04 terjual,Sala3.NETSalatiga
Mesin Antrian Wireless 3 Layanan (3 display ) dg printer Auto Cut,Rp8.000.000,1 terjual,Sala3.NETSalatiga
Mesin Antrian 20 Pager Wireless Calling System Restaurant  Caffee Re,Rp2.100.000Rp2.300.000,,tokoteknologiBandung
Wireless Calling System Receiver Pager Mesin Antrian 1 PCS 3 Mode Indikator Panggilan,Rp71.400Rp142.800,,Afika SmarthomeJakarta Barat
Controller kontroler Mesin antrian 1 loket,Rp500.000,5.04 terjual,QaytechCimahi
mesin antrian wireless TV androMedia,Rp250.000,5.07 terjual,Dunia DuinoBandung
Mesin antrian wireless 1 loket,Rp1.200.000,5.0100+ terjual,atmen storeKab. Temanggung
SOFTWARE APLIKASI MESIN ANTRIAN PERCETAKAN PRINTING,Rp1.299.000,,ArtNesia - Seni & Kerajinan KayuBandung
Kios K Mesin Antrian 19 Inch Touchscreen Display Camera dan Printer Inkjet,Rp17.850.000,,cv rdv indo printKab. Sumedang
Wireless Calling System Restaurant 16 Pager mesin antrian restoran,Rp1.246.405Rp1.550.800,5.010 terjual,EnggalTelasBekasi
RTKS Wireless Calling System Receiver Pager Mesin Antrian for CTP302,Rp69.900,,MinimusincBandung
Mesin nomor antrian 1 loket sederhana Wireless System,Rp950.000,1 terjual,LMbeautycare BandungCimahi
MESIN ANTRIAN FULL PEMASANGAN,Rp19.999.000,5.06 terjual,Bcompbiz Digital TeknologiBogor
Mesin Antrian 3 digit Dengan Voice dan Printer,Rp3.100.000,25 terjual,Sala3.NETSalatiga
Mesin antrian wireless 2 loket 1 tombol,Rp1.350.000,5.03 terjual,atmen storeKab. Temanggung
Bel Restoran Wireless 20 Nomor Antrian Wireless 20 Pager Wireless Mesin Antrian Queue Alarm Calling System Resto Cafe,Rp2.999.000Rp3.503.700,,Abata Garden ToolsJakarta Barat
Codeshop Kertas Thermal 80x150 mm Black Receipt Struk Mesin Antrian Parkir Bank Perkantoran,Rp74.000,,CODESHOP SURABAYA BARATSurabaya
Digital Signage 19 22 17 Inchi Mesin Antrian Custome Built In Touch,Rp45.999.999,,algotechJakarta Barat
Mesin Antrian 2 Layanan dengan display LED dan printer,Rp3.400.000,5.030+ terjual,Sala3.NETSalatiga
Wireless Calling System 16 Pager Bel Mesin Panggil Restaurant Mesin Antrian RTKS,Rp1.095.000,5.09 terjual,HomeGaleriiJakarta Barat
Wireless Calling System Restaurant Mesin Antrian 10 Pager - TD103,Rp2.273.300,,BELIKIJakarta Barat
Software Mesin Antrian Bank BRI,Rp3.500.000,5.01 terjual,atk semarangSemarang
Wireless Calling System Mesin Antrian Cafe Restoran 10Call Pager Alarm,Rp1.500.000,,Viracode OfficialSurabaya
"Mesin Panggil Antrian Restoran Cafe, 20 Pager Vibrate PROMICK CPS-T112",Rp2.950.000,5.01 terjual,MG ElektronikJakarta Pusat
Wireless Calling System Restaurant Mesin Antrian 10 Pager Hitam TD174 RETEKESS,Rp1.095.000,1 terjual,JLSMarketJakarta Barat
PAGER RESTORAN ANTRIAN WIRELESS 16 CALL MESIN ANTRIAN ALARM CAFE,Rp1.269.000,,ERA ELEKTRONIKA MANDIRIKab. Sleman
Iware Wireless Calling System Mesin Antrian Restauran Caffe Shop 10 Pager Alarm 3 Mode Q10M,Rp1.500.000Rp3.250.000,,TokoITOnlineSurabaya
Paket Mesin Antrian Basic,Rp20.600.000,5.01 terjual,Duta ITMVisionKab. Bogor
wireless calling system Mesin Antrian Cafe Restoran 20 16 10 channels,Rp1.899.000,,fathir-all shopBekasi
"Kiosk touchscreen 17"" mesin antrian anjungan terjangkau tanpa software",Rp9.449.000,6 terjual,Ologis Official StoreJakarta Selatan
Mesin antrian display 1 loket sederhana,Rp850.000,100+ terjual,atmen storeKab. Temanggung
"Mesin Antrian Puskesmas Kiosk touchscreen 17"" Terjangkau komplit",Rp17.760.000,8 terjual,Ologis Official StoreJakarta Selatan
Mesin antrian wireless 2 Loket logo,Rp2.600.000,5 terjual,atmen storeKab. Temanggung
"Mesin Antrian Kiosk touchscreen 17"" mesin antrian anjungan",Rp20.800.000,9 terjual,Ologis Official StoreJakarta Selatan
Mesin Antrian Touchscreen Digital 2 loket,Rp19.499.000,,VETRONIKSemarang
Wireless Calling System Receiver Pager Mesin Antrian  - TD157,Rp63.900,,Kilo BravoJakarta Barat
Wireless Calling System Restaurant Mesin Antrian 16 Pager (BLACK),Rp1.245.580,2 terjual,Berdikari Jaya 61Semarang
SOFTWARE APLIKASI MESIN ANTRIAN IMIGRASI,Rp1.420.000,,ArtNesia - Seni & Kerajinan KayuBandung
Box Mesin Antrian Casing Kiosk dengan Monitor Touchscreen 17 dan 19 in,Rp7.000.000,5.010 terjual,Ologis Official StoreJakarta Selatan
Mesin antrian wireless 2LED 4 Loket,Rp2.900.000,3 terjual,atmen storeKab. Temanggung
"Mesin Antrian Kantor Pajak Kiosk touchscreen 17"" Terjangkau komplit",Rp17.760.000,1 terjual,Ologis Official StoreJakarta Selatan
mesin antrian bank,Rp14.000.000,,cv rdv indo printKab. Sumedang
PAKET MESIN ANTRIAN RUMAH SAKIT/PUSKESMAS/KLINIK JKN BPJS,Rp12.890.000,,PROLABELSurabaya
"Kiosk Touchscreen 19"" Mesin Antrian Anjungan Mandiri Murah",Rp9.449.000,,Ologis Official StoreJakarta Selatan
Digital Signage 19 17 22 Inchi Mesin Antrian Custome Touch-Non-screen,Rp30.999.999,,SmartdisplayJakarta Barat
Kiosk Mesin Antrian Puskesmas Klinik RS 17 Inch,Rp12.500.000,5.01 terjual,BMSITSTORESemarang
READY STOCK Wireless Calling System Restaurant Mesin Antrian 16 Pager - CTP301,Rp1.347.000,,Mefrisss StoreKab. Bekasi
printer nomor mesin antrian autocutter,Rp1.700.000,5.012 terjual,atmen storeKab. Temanggung
mesin antrian multimedia pesanan pa Mar,Rp13.000.000,5.02 terjual,Dunia DuinoBandung
Mesin Antrian Restoran 1 Mesin 16 Pager praktis Harga paling Ekonomis,Rp1.490.000,5.030+ terjual,EtalaseBelanja StoreJakarta Pusat
Mesin Antrian Wireless V4 3 Layanan dengan printer Auto Cutter Stand,Rp6.900.000,5.01 terjual,Sala3.NETSalatiga
Mesin Antrian sederhana bel ting tong Next Call dan Recall,Rp650.000,5.040+ terjual,MAESTRO LEDSurabaya
RETEKESS Wireless Calling System Restaurant Mesin Antrian 20 Pager - T116,Rp1.482.900,1 terjual,DiBudgetinJakarta Barat
mesin antrian 2 loket 2 layanan non printer PAKET HEMAT,Rp1.750.000,5.01 terjual,Dunia DuinoBandung
PAKET MESIN ANTRIAN RS/KANTOR/PUSKESMAS/INSTANSI TOUCHSCREEN FREE APLIKASI BERGARANSI LANGSUNG KIRIM,Rp17.500.000,,PROLABELSurabaya
tombol panggil loket mesin antrian,Rp220.000,15 terjual,atmen storeKab. Temanggung
Wireless Calling System Restaurant Pager Mesin Antrian - Full Set,Rp1.316.500Rp1.880.600,1 terjual,Socko GrosirJakarta Barat
mesin antrian bank dll,Rp23.000.000,,cv rdv indo printKab. Sumedang
Pager Restoran Cafe Mesin Antrian Wireless Calling System 10 Channels - Hitam,Rp1.682.010Rp1.699.000,,CMAG storeJakarta Barat
Mesin antrian display 1 loket sederhana,Rp850.000,4.9100+ terjual,atmen storeKab. Temanggung
Mesin Antrian Bel Cafe Restoran 10 Pager Wireless Calling System Queue Alarm - T119,Rp1.841.200,,Buzper OfficialJakarta Barat
[KN AUDIO] BERKUALITAS WIRELESS CALLING QUEUE PAGING SYSTEM PAGER RESTORAN MESIN ANTRIAN 16 PAGER HITAM CTP302 RTKS,Rp1.799.000,,KN audioMedan
Mesin antrian 19 inch touchscreen,Rp10.200.000,,prima jaya komputer cctv & advertisingTasikmalaya
Printer Mesin Antrian Hig Speed Auto Cut,Rp2.700.000,,Genos_idJakarta Barat
Mesin Antrian Bel Cafe Restoran 16 Pager Wireless Calling System Queue Alarm - CTP301,Rp1.366.900,,Buzper OfficialJakarta Barat
Unit Pager Saja Buat Tambahan Mesin Antrian Restoran Promick CPS-T112,Rp150.000,5.021 terjual,USUKMA-GROSIR-JKTJakarta Pusat
MESIN ANTRIAN PUSKESMAS KLINIK JKN BPJS TIDAK TERMASUK TV,Rp16.000.000,,BCOMP MAKASSARMakassar
Tombol Mesin Antrian Sala3.Net,Rp300.000,4.925 terjual,Sala3.NETSalatiga
Mesin Antrian Wireless LED Full Color 2 Layanan,Rp4.200.000,5.01 terjual,Sala3.NETSalatiga
MESIN KASIR KIOSK POS STANDING SELF SERVICE | POSBANK KOREA BIGPOS TL2150,Rp42.400.000,,AGMTechJakarta Utara
MESIN ABSENSI A3,Rp49.000Rp239.000,23 terjual,Keissha ShopJakarta Timur
Wireless Calling System Pager Restaurant 10 Pager Pemanggil Antrian Pengunjung Alat Panggil Resto,Rp2.391.000,,Daily-MallTangerang
Pita / Tinta Mesin Absensi Krisbow MT-6100N,Rp70.000,250+ terjual,MSI KomputerJakarta Pusat
Pita / Tinta Mesin Absensi Krisbow MT6100,Rp70.000,12 terjual,MSI KomputerJakarta Pusat
Wireless Calling System Restaurant Mesin Antrian 20 Pager Merah TD163 RETEKESS,Rp2.495.000,,JLSMarketJakarta Barat
mesin antrian kiosk custom plat besi 160x45,Rp15.500.000,,Giliantz EnterpriseBandung
RTKS Set Mesin Antrian Wireless Calling System Cafe Bar Resto rumah Sakit Restauran 16 Pager - CTP301,Rp1.200.000Rp2.500.000,1 terjual,Kawthar_StoreIDJakarta Barat
Mesin Antrian Design Modern (Box Only),Rp3.850.000,5.01 terjual,PROLABELSurabaya
Bel Pemanggil Antrian Untuk Tamu Pelanggan Wireless Calling System Restaurant Mesin Antrian 16 Pager,Rp2.098.900,,katiyem shopJakarta Barat
Bel Panggil Mesin Antrian Call Waiting System Pager Paging Sistem,Rp1.525.000,5.05 terjual,MG ElektronikJakarta Pusat
Mesin Antrian Slim / Kiosk Antrian Slim / Mesin Antrian Mini,Rp9.000.000,5.01 terjual,ArtNesia - Seni & Kerajinan KayuBandung
Kertas Struk Thermal 80x140 mm 80x140mm Mesin Antrian Tiket Parkir,Rp78.000,10 terjual,Barcode Official StoreJakarta Pusat
mesin antrian anjungan kios lengkap,Rp26.600.000,2 terjual,zulpadli multi solusiSurabaya
Mesin Antrian Restoran 1 Mesin 16 Pager Praktis Harga Hemat TD157,Rp1.790.000,5.02 terjual,AUVICOMMJakarta Pusat
NEW MESIN ANTRIAN WIRELESS 1 LOKET [TERBARU[TERLARIS[ORIGINAL[ASLI],Rp2.160.000,,Toko Makmur Mart14Denpasar
KERTAS THERMALL ROLL OTANI 80X80 MM HITAM MESIN ANTRIAN TIKET PARKIR,Rp16.000,5.08 terjual,Gando StoreBandung
Mesin Antrian Wireless 2 Layanan 2 digit dengan printer,Rp3.300.000,5.02 terjual,Sala3.NETSalatiga
Wireless Calling Waiting System Mesin Antrian Restaurant Page Clinic,Rp2.753.100,,R-KingJakarta Barat
Jual Printer Antrian 2 lokot Nomor Mesin Antrian Limited,Rp1.645.800,5.0,"hidayatun, tokoSurabaya"
( 1 DUS ) KERTAS THERMAL 80 X 80 mm PRINTER MESIN ANTRIAN TIKET PARKIR,Rp915.000,1 terjual,Barcode Official StoreJakarta Pusat
Paket Mesin Antrian Basic,Rp15.000.000,2 terjual,ITMulticompBogor
Retekess TD158 Wireless Calling System Mesin Antrian Model Bulat Getar,Rp1.690.000,1 terjual,USUKMA-GROSIR-JKTJakarta Pusat
PAGER RESTORAN ANTRIAN WIRELESS 16 CALL MESIN ANTRIAN ALARM CAFE,Rp1.269.000,1 terjual,SMART STORE SOLUTIONKab. Sleman
Mesin Antrian Pager Restoran Resto Bell Wireless Call Queue System,Rp1.650.000Rp2.500.000,5.011 terjual,W goodsJakarta Barat
Mesin Antrian 2 Loket Wireless (tanpa kabel) + Display Loket,Rp11.330.000,5.06 terjual,LuminixSalatiga
Wireless Calling System Receiver Pager Mesin Antrian 1 PCS - CTP301,Rp66.640,,SlaluAdaStockJakarta Barat
Wireless Calling System Restaurant Pager Mesin Antrian,Rp1.316.500Rp1.880.600,5.01 terjual,Socko GrosirJakarta Barat
Stock Ready Box Mesin Antrian Casing Kiosk 17 Dan 19 In Terlaris,Rp4.409.000,,ALDIMEBBandung
"Khusus Hari Ini | Aplikasi Antrian Online, Softre Mesin Antrian Bank, Puskesmas, Dll",Rp4.425.000,,CV AkalapSurabaya
Mesin Antrian Bel Cafe Restoran 20 Pager Wireless Calling System Queue Alarm - SU68G,Rp2.391.800,,Buzper OfficialJakarta Barat
Mesin Antrian Bel Cafe Restoran Retekess 10 Pager Wireless Calling System Queue Alarm - TD159,Rp6.747.800,,Buzper OfficialJakarta Barat
Printer tiket mesin antrian Auto Cutter 6 tombol,Rp2.100.000,5.03 terjual,MAESTRO LEDSurabaya
Stock Ready Mesin Antrian Dua Digit Dengan Voice Terlaris,Rp3.544.000,,ALDIMEBBandung
Stock Ready Mesin Antrian Wireless Versi Basic Terlaris,Rp3.191.000,,ALDIMEBBandung
Mesin Antrian Bank BJB BRI Mandiri BNI BPR,Rp21.000.000,,BMSITSTORESemarang
Mesin Antrian 3 Digit Wireless 1 Layanan lengkap dg printer Auto Cut,Rp4.100.000,5.04 terjual,Sala3.NETSalatiga
"Kios antrian touchscreen 17"" mesin antrian promo",Rp9.200.000,,prima jaya komputer cctv & advertisingTasikmalaya
PAGER RESTORAN ANTRIAN WIRELESS 16 CALL MESIN ANTRIAN ALARM CAFE,Rp1.269.000,,Little Aster OfficialKab. Sleman
Wireless Calling System Restaurant Mesin Antrean 20 Pager Antrian Pengunjung,Rp2.450.000Rp3.500.000,5.02 terjual,WATCHFORYOU OfficialBandung
Mesin Antrian 3 Loket Wireless + Display Loket + Survey Kepuasan,Rp22.850.000,1 terjual,LuminixSalatiga
AMC Wireless Calling Paging System Mesin Antrian Food Court Restoran,Rp1.599.000,90+ terjual,amc_shopJakarta Utara
kiosk mesin antrian puskesmas klinik rumah sakit,Rp3.500.000,1 terjual,BMSITSTORESemarang
Mesin Antrian Puskesmas Sistem Aplikasi Puskesmas Terbaru,Rp9.990.000,,ArtNesia - Seni & Kerajinan KayuBandung
Wireless Calling System Restaurant Mesin Antrian 20 Pager,Rp3.846.500,,HomeProdukOnlineJakarta Utara
Mesin Antrian 1 Layanan Display LED dengan printer thermal Wireless,Rp3.100.000,5.050+ terjual,Sala3.NETSalatiga
lemari mesin antrian box kiosk display,Rp2.700.000,4.03 terjual,cv rdv indo printKab. Sumedang
Mesin Antrian Lengkap 4 Loket Murah,Rp39.050.000,,mesinantrianMalang
Calling System Resto Wireless 20 Antrian Wireless 3 Mode Panggilan 20 Pager Wireless Bel Restoran Wireless Alarm Cafe Restoran Queue Alarm Mesin Antrian,Rp3.785.000Rp4.502.750,,Abata Garden ToolsJakarta Barat
software mesin antrian 1 layanan,Rp100.000,,zulpadli multi solusiSurabaya
Wireless Calling System Restaurant Pager -  Mesin Antrian Alarm Cafe - 10 Pcs,Rp1.500.000Rp1.950.000,50+ terjual,Barcodia IndonesiaJakarta Pusat
Mesin Antrian Bundling 19 Inch,Rp30.000.000,1 terjual,BMSITSTORESemarang
Wireless Calling System Iware Q10 Mesin Antrian Cafe Restoran 10Call Pager Alarm isi 10 Pcs,Rp1.500.000Rp1.900.000,2 terjual,Barcodia IndonesiaJakarta Pusat
"Kiosk touchscreen 17"" mesin antrian anjungan murah promo terbatas",Rp9.449.000,30+ terjual,Ologis Official StoreJakarta Selatan
"CUSTOM BOX KIOSK, MESIN ANTRIAN, ANJUNGAN, DIGITAL SIGNAGE MURAH",Rp2.799.000,17 terjual,ARTHASAVANADIGITALKab. Bekasi
kiosk mesin antrian eletronik,Rp14.000.000,,Giliantz EnterpriseBandung
Calling System Restoran/Wireless Calling System Mesin Antrian Restoran,Rp6.841.330,,radinkayaJakarta Barat
Mesin antrian remote 2LED 2 Loket,Rp2.200.000,5.06 terjual,atmen storeKab. Temanggung
Wireless Calling System Restaurant Mesin Antrian 20 Pager,Rp4.497.320,,OnePortalJakarta Barat
Wireless Calling System Mesin Antrian Pager Alarm Restoran Cafe,Rp1.386.700Rp1.823.400,2 terjual,Socko GrosirJakarta Barat
RTKS Wireless Calling System Restaurant Mesin Antrian 10 Pager,Rp1.499.900,,TOSERBA BANDUNG ONLINESHOPBandung
MESIN ANTRIAN BPJS ONLINE PLUS SCANNER PLUS SOFTWARE BCOMPBIZ BASIC,Rp15.000.000,,BCOMP MAKASSARMakassar
Mesin Antrian Wireless Versi Basic,Rp2.645.000,,jayabaya tokoSurabaya
mesin nomor antrian,Rp1.269.900,,indahhh_shoppJakarta Pusat
Printer Antrian Mesin Antrian Versi 4 100% Original,Rp1.751.000,,Kuncung115Jakarta Barat
Retekess TD158 Wireless Guest Paging Calling System Mesin Antrian,Rp1.690.000,,USUKMA-GROSIR-JKTJakarta Pusat
Kiosk Mesin Antrian Puskesmas Klinik RS 17 Inch,Rp12.500.000,1 terjual,BMSITSTORESemarang
Mesin Antrian Multimedia Full Wireless dengan Display Signage 10 Loket,Rp35.500.000,2 terjual,LuminixSalatiga
Wireless Calling System Restaurant Mesin Antrian 30 Pager,Rp3.409.700,,HomeProdukOnlineJakarta Utara
Mesin Antrian Selfkiosk iMin Crane 32 inch dental printer 80 mm,Rp31.099.000,,iMin Official StoreJakarta Utara
Mesin Antrian 2 Digit Wireless Dengan Voice,Rp1.600.000,5.010 terjual,Sala3.NETSalatiga
Mesin Bel Antrian Restoran Pemanggil Customer Pelayan Rumah Sakit Cafe Wireless Calling System 10 Pager,Rp1.790.000Rp2.708.900,,CV PERKAKAS JAYAJakarta Barat
Mesin Antrian 3 Digit Wireless plus keypad,Rp2.300.000,5.07 terjual,Sala3.NETSalatiga
Mesin Antrian 20 Pager Wireless Calling System Restaurant,Rp2.490.000,,TAFFHOME STOREJakarta Barat
Printer Antrian Mesin Antrian Versi 4,Rp1.685.000,,Elektron Shop 11Surabaya
Mesin Panggilan Antrian Speaker Wireless Calling System LED Display,Rp601.100Rp1.320.000,,Maslinda StoreJakarta Barat
Mesin Antrian 2 Digit Wireless Dengan Voice Tombol Keypad,Rp1.800.000,5.02 terjual,Sala3.NETSalatiga
Mesin Antrian Wireless Bel Cafe Restoran 20 Pager Calling System Queue Alarm - TD167F,Rp3.834.500,5.01 terjual,Buzper OfficialJakarta Barat
Speaker untuk mesin antrian,Rp600.000,5.03 terjual,QaytechCimahi
Printer tiket mesin antrian Auto Cutter,Rp1.950.000,5.020 terjual,MAESTRO LEDSurabaya
Wireless Calling System Restaurant Mesin Antrian 16 Pager,Rp1.512.000Rp1.890.000,,HomeProdukOnlineJakarta Utara
Mesin Antrian 19 Inch,Rp12.000.000,1 terjual,BMSITSTORESemarang
Mesin Antrian System / Antrian Mesin System,Rp2.875.000,60+ terjual,touchindoJakarta Utara
Wireless Calling System Mesin Antrian Cafe Restoran Termurah Terlaris,Rp1.290.000,250+ terjual,EtalaseBelanja StoreJakarta Pusat
Kios K Mesin Antrian Digital 19 Inch Touchscreen Display,Rp13.380.000,,BMSITSTORESemarang
Wireless Calling System Restaurant Mesin Antrian 20 Pager,Rp1.825.000,,BaserbaJKTJakarta Barat
Mesin Antrian LED dengan Loket dan Custom Tampilan,Rp4.500.000,5.05 terjual,Sala3.NETSalatiga
Mesin Antrian 2 Digit Wireless Dengan Voice dan Printer Auto Cutter,Rp3.600.000,5.013 terjual,Sala3.NETSalatiga
RETEKESS Wireless Calling System Restaurant Mesin Antrian 10 Pager - TD158,Rp1.256.900,,DiBudgetinJakarta Barat
Mesin Antrian Puskesmas Wanaraja,Rp1.800.000,5.06 terjual,avelektroKab. Malang
Wireless Calling System Restaurant Mesin Antrian 20 Pager Cokelat T116 RETEKESS,Rp1.475.000,,JLSMarketJakarta Barat
Printer Thermal Mesin Antrian,Rp1.829.817,,Belanjaku_SiniDepok
Mesin Antrian Wireless 3 Layanan 2 digit dengan printer,Rp3.600.000,5.01 terjual,Sala3.NETSalatiga
RETEKESS Smart Box Wireless Calling System Mesin Antrian 20 Pager - TD167S,Rp917.900,,DiBudgetinJakarta Barat
Pager Mesin Antrian Restaurant Wireless Calling System Receiver,Rp79.999,,OnePortalJakarta Barat
PAKET MESIN ANTRIAN PELAYANAN PUBLIK PAKET KHUSUS,Rp16.000.000,,BCOMP MAKASSARMakassar
Kios K Mesin Antrian Klinik/Puskesmas BPJS,Rp12.300.000,,BMSITSTORESemarang
Mesin Antrian Sistem AMQS VER. 6,Rp7.500.000,,Intermedia Safety CenterManado
Mesin Antrian P10 sederhana bel ting tong Next Call dan Recall,Rp725.000,5.04 terjual,MAESTRO LEDSurabaya
1 DUS - KERTAS THERMAL OTANI 80 X 80 BLACK MESIN ANTRIAN TIKET PARKIR,Rp710.000,5.01 terjual,CODESHOP SURABAYA TIMURSurabaya
Wireless Calling System Restaurant Mesin Antrian 20 Pager - TD163,Rp2.499.400,,BELIKIJakarta Barat
Wireless Calling System Restaurant Mesin Antrian 10 Pager - TD174,Rp1.029.900,,KasiSolusiJakarta Barat
Wireless Calling System Restaurant Mesin Antrian 20 Pager - TD163,Rp2.499.500,,KasiSolusiJakarta Barat
Wireless Calling System Restaurant Mesin Antrian 10 Pager - TD164,Rp1.142.900,,KasiSolusiJakarta Barat
Mesin Antrian Restoran cafe TD157 Popular Wireless Guest Paging System,Rp1.490.000,5.08 terjual,MG ElektronikJakarta Pusat
PAGER ANTRIAN RESTORAN WIRELESS 16 CALL MESIN ANTRIAN ALARM CAFE,Rp1.269.000,,PrinterIndonesiaKab. Sleman
Kertas Thermal Roll Otani 80 X 80 Mm Hitam Mesin Antrian Tiket Parkir Tbk,Rp98.000,,Merry_ChristmasKab. Badung
Wireless Calling System Restaurant Mesin Antrian 10 Pager - TD174,Rp1.029.800,,BELIKIJakarta Barat
Wireless Calling System Restaurant Mesin Antrian 10 Pager - TD164,Rp1.142.800,,BELIKIJakarta Barat
Wireless Calling System Restaurant Mesin Antrian 16 Pager,Rp1.369.900,,Upin Ipin MallJakarta Barat
Wireless Calling System Restaurant Mesin Antrian 16 Pager - TD175,Rp1.029.900,,KasiSolusiJakarta Barat
Paket mesin antrian + 2 tombol panggil + printer tiket,Rp5.200.000,5.08 terjual,Cipta Media TeknologiKab. Badung
RTKS Wireless Calling System Restaurant Mesin Antrian 20 Pager -,Rp1.921.239,,klik niagaJakarta Barat
Mesin Antrian Bel Cafe Restoran 10 Pager Wireless Calling System Queue Alarm 3 Call Mode 200mAh - LFTZ44,Rp1.711.900,,DuboraJakarta Barat
Mesin Antrian Bank 17inch custom design,Rp23.000.000,,rdvindoprintBekasi
"BISA SPK! Kiosk touchscreen 17"" mesin antrian anjungan terjangkau tanpa software",Rp18.300.640,,carramel pediaYogyakarta
Wireless Calling System Restaurant Mesin Antrian 20 Pager - T111,Rp1.595.100,,KasiSolusiJakarta Barat
Wireless Calling System Restaurant Mesin Antrian 20 Pager - TD183,Rp2.688.200,,KasiSolusiJakarta Barat
Wireless Calling System Restaurant Mesin Antrian 10 Pager - TD177,Rp1.256.000,,KasiSolusiJakarta Barat
RTKS Wireless Calling System Receiver Pager Mesin Antrian 1 PCS - LFTZ44,Rp144.860,,TAFFHOME STOREJakarta Barat
Wireless Calling System Restaurant Rumah Makan Mesin Antrian Panggil 10 Pcs Pager,Rp1.950.000Rp2.932.500,,HomeProdukOnlineJakarta Utara
MESIN ANTRIAN TOMBOL,Rp15.000.000,,BMSITSTORESemarang
printer karcis nomor mesin antrian custom,Rp1.100.000,30+ terjual,atmen storeKab. Temanggung
Kios K Mesin Antrian Klinik/Puskesmas BPJS,Rp12.300.000,,BMSITSTORESemarang
Mesin Antrian System Satpas SIM Custom,Rp55.000.000,,Shareefa_JA GaleryDepok
MESIN ANTRIAN SEKOLAH 17 INCH TOUCHSCREEN,Rp14.900.000,,BMSITSTORESemarang
Wireless Calling System Restaurant Pager - Mesin Antrian Alarm Cafe - RP02A,Rp2.499.000,30+ terjual,axelposJakarta Pusat
Mesin Antrian Kios K BPJS,Rp21.500.000,,BMSITSTORESemarang
Kios K Mesin Antrian Double Printer + TAP NFC,Rp23.000.000,,banking equipmentSemarang
MESIN ANTRIAN PELAYANAN CUSTOM DESIGN,Rp25.000.000,,BMSITSTORESemarang
Mesin antrian murah,Rp19.800.000,5.02 terjual,ITMulticompBogor
Mesin Antrian Wireless Calling System Restaurant Mesin Antrian 10 Pager,Rp1.499.000,,SHOP PUTULBekasi
Wireless Calling System Receiver Pager Mesin Antrian 1 PCS - LFTZ44 Warna Hitam,Rp117.000,,ZileniumJakarta Barat
Wireless Calling System Restaurant Mesin Antrian 18 Pager - T115,Rp1.482.100,,KasiSolusiJakarta Barat
Wireless Calling System Restaurant Mesin Antrian 16 Pager - T113,Rp1.368.900,,BELIKIJakarta Barat
Wireless Calling System Restaurant Mesin Panggil Antrian 10 Pcs Pager,Rp5.612.700,,HomeProdukOnlineJakarta Utara
MESIN ANTRIAN ONLINE BANKING ALL IN,Rp35.000.000,,BMSITSTORESemarang
16In1 Wireless Calling System Restaurant Pager Mesin Antrian Restoran,Rp1.388.000,6 terjual,Momen HatiTangerang
MESIN ANTRIAN PELAYANAN DAN SOFTWARE CUSTOM,Rp17.500.000,,BMSITSTORESemarang
Wireless Calling System Restaurant Pager - Mesin Antrian Alarm Cafe Iware Q10M,Rp1.500.000Rp2.000.000,,axelposJakarta Pusat
RTKS Wireless Calling System Restaurant Mesin Antrian 11 Pager -,Rp1.745.493,,klik niagaJakarta Barat
Pager Wireless Calling System Receiver Pager Mesin Antrian 1 PCS - QC10,Rp144.720,,TAFFHOME STOREJakarta Barat
RTKS Wireless Calling System Receiver Pager Mesin Antrian - SU-668,Rp191.900,,OnePortalJakarta Barat
Wireless Calling System Restaurant Mesin Antrian 16 Pager - T113,Rp1.369.000,,KasiSolusiJakarta Barat
Mesin Antrian 3 Layanan dengan display LED dan printer,Rp3.700.000,5.014 terjual,Sala3.NETSalatiga
mesin antrian (3 loket) *sudah termasuk printer+ speaker*,Rp4.000.000,5.01 terjual,TxttechKab. Wonosobo
RETEKESS Wireless Calling System Restaurant Mesin Antrian 16 Pager -,Rp1.109.505,,klik niagaJakarta Barat
Wireless Calling System Restaurant Mesin Antrian 10 Pager,Rp1.599.999,,TAFFHOME STOREJakarta Barat
Printer Mesin Antrian Auto Cut High Speed Versi 2 Sala3.NET Dengan Box,Rp2.580.000,4.829 terjual,Sala3.NETSalatiga
tiketing mesin antrian auto cutter 80x80 (sudah pakai box),Rp1.850.000,5.02 terjual,Dunia DuinoBandung
MESIN ANTRIAN BANK  DAN SOFTWARE CUSTOM,Rp15.000.000,,BMSITSTORESemarang
"Mesin Antrian Murah Touchscreen 17"" Anjungan Mandiri Promo Terbatas",Rp9.449.000,18 terjual,Ologis Official StoreJakarta Selatan
Standing Box Kios K Mesin Antrian,Rp3.200.000,1 terjual,BMSITSTORESemarang
Wireless Calling System Restaurant Mesin Antrian 10 Pager,Rp2.654.300,,HomeProdukOnlineJakarta Utara
Mesin Antrian Puskesmas 19 Inch,Rp12.000.000,1 terjual,BMSITSTORESemarang
Mesin Antrian 2 Layanan Wireless dengan Printer Auto Cutter (Versi 3),Rp6.600.000,5.02 terjual,Sala3.NETSalatiga
Wireless Calling System Receiver Pager Mesin Antrian 1 PCS - QC10,Rp139.999,,OnePortalJakarta Barat
Wireless Calling System Receiver Pager Mesin Antrian 1 PCS - LFTZ44,Rp132.120,,OnePortalJakarta Barat
Wireless Calling System Restaurant Mesin Antrian 20 Pager - TD167F,Rp2.838.600,,KasiSolusiJakarta Barat
MESIN ANTRIAN PELAYANAN DAN SOFTWARE CUSTOM,Rp17.500.000,,BMSITSTORESemarang
mesin antrian anjungan kios barcode,Rp13.980.000,5.01 terjual,zulpadli multi solusiSurabaya
Pager Wireless Calling System Receiver Pager Mesin Antrian 1 PCS,Rp144.720,,Toko CalyasJakarta Barat
Wireless Calling System Restaurant Mesin Antrian 20 Pager - T112,Rp2.302.900,,KasiSolusiJakarta Barat
Wireless Calling System Restaurant Mesin Antrian 20 Pager - T111,Rp1.595.000,,BELIKIJakarta Barat
Wireless Calling System LED Mesin Antrian Speaker Keypad - TD101,Rp690.700,,BELIKIJakarta Barat
Mesin Antrian Rumah Sakit Paket BPJS,Rp19.500.000,,banking equipmentSemarang
MESIN ANTRIAN MINI MODEL TOMBOL SEMI MULTIMEDIA,Rp11.500.000,,BMSITSTORESemarang
Mesin Antrian Bel Cafe Restoran 20 Pager Wireless Calling System Queue Alarm - SU68G,Rp2.391.800,,Buzper OfficialJakarta Barat
Mesin Antrian Bpjs 17 Inch Computer,Rp13.000.000,,BMSITSTORESemarang
Wireless Calling System Restaurant Mesin Antrian 10 Pcs Pager,Rp2.551.500,,HomeProdukOnlineJakarta Utara
Wireless Calling System Restaurant Mesin Antrian 10 Pager - LFTZ44,Rp1.189.400,,BELIKIJakarta Barat
Wireless Calling System Restaurant Mesin Antrian 20 Pager - TD183,Rp2.688.100,,BELIKIJakarta Barat
Wireless Calling System Restaurant Mesin Antrian 10 Pager - TD103,Rp2.273.400,,KasiSolusiJakarta Barat
Wireless Calling System Restaurant Mesin Antrian 10 Pager - T119,Rp1.368.900,,BELIKIJakarta Barat
Wireless Calling System Restaurant  Pager Mesin Antrian Restoran,Rp3.700.000,,MIKUZAJakarta Barat
RTKS Wireless Calling System Receiver Pager Mesin Antrian 1 PCS - QC10,Rp65.000,,3 Serangkai Teknik
RTKS Wireless Calling System Receiver Pager Mesin Antrian 1 PCS - CTP301,Rp69.800Rp95.500,,Bahira01Jakarta Barat
Printer Mesin Antrian Auto Cut High Speed,Rp1.845.000Rp2.050.000,5.02 terjual,Aneka Led KomponenKab. Brebes
Wireless Calling System Restaurant Mesin Panggil Antrian 16 Pager Queue Bell Call Alarm Bel Cafe Restoran,Rp1.676.000,,PETRA OFFICIAL SHOPDenpasar
Kios K Mesin Antrian Digital 19 Inch Touchscreen Display,Rp13.380.000,,cv rdv indo printKab. Sumedang
Wireless Calling System Restaurant Mesin Antrian 10 Pager - T116A,Rp1.142.800,,BELIKIJakarta Barat
Wireless Calling System Receiver Pager Mesin Antrian 1 PCS - QC10 Warna Hitam,Rp117.000,,ZileniumJakarta Barat
Wireless Calling System Restaurant Mesin Antrian 18 Pager - T115,Rp1.482.000,,BELIKIJakarta Barat
Wireless Calling System Restaurant Mesin Antrian 10 Pager - T119,Rp1.369.000,,KasiSolusiJakarta Barat
Mesin Antrian Type 2,Rp13.850.000,1 terjual,Duta ITMVisionKab. Bogor
Wireless Calling System Restaurant Mesin Antrian 10 Pager - T116A,Rp1.142.900,,KasiSolusiJakarta Barat
Wireless Calling System LED Display Mesin Antrian Speaker - C34 Pro,Rp467.200,,Autonet Official StoreJakarta Selatan
RETEKESS Wireless Calling System Restaurant Mesin Antrian 18 Pager -,Rp1.602.137,,klik niagaJakarta Barat
Wireless Calling System Restaurant Mesin Antrian 20 Pager - T112,Rp2.302.800,,BELIKIJakarta Barat
RTKS Wireless Calling System Restaurant Mesin Antrian 10 Pager - SU-68G-10 - Black,Rp1.495.000,,3 Serangkai Teknik
PAGER RESTORAN ANTRIAN WIRELESS 16 CALL MESIN ANTRIAN ALARM CAFE,Rp1.250.000Rp1.269.000,,Postech YogyakartaKab. Sleman
Calling System Wireless Restoran Alat Mesin Antrian Rumah Makan 10 Pager RTKS LFTZ44,Rp1.450.000Rp1.921.000,,Igalaxy TechJakarta Barat
mesin antrian 1 loket voice announcer next call and recall (merah),Rp1.100.000,,gold clover connectionMedan
sticker cutting custom MESIN ANTRIAN,Rp300.000,5.013 terjual,ARTHASAVANADIGITALKab. Bekasi
Wireless Calling System Restaurant Mesin Antrian 10 Pager - TD165,Rp1.482.000,,BELIKIJakarta Barat
Wireless Calling System Restaurant Mesin Antrian 16 Pager - CTP301,Rp1.243.000,,econnectJakarta Utara
elektronik mesin antrian *sudah termasuk printer+ speaker*,Rp2.200.000,5.02 terjual,TxttechKab. Wonosobo
Wireless Calling System Restaurant Mesin Antrian 20 Pager Warna TD172 RETEKESS,Rp1.375.000,,JLSMarketJakarta Barat
Wireless Calling System Restaurant Restoran Cafe Mesin Antrian 10 20 Pager RETEKESS T116,Rp2.150.000,,K.T SHOPSurabaya
Alarm restoran / cafe 16 CALL MESIN ANTRIAN WIRELESS PAGER System,Rp1.785.000,,Tokosatu8comJakarta Barat
Mesin Antrian 3 Loket dengan display LED dan printer,Rp4.200.000,5.021 terjual,Sala3.NETSalatiga
Wireless Calling System Receiver Pager Mesin Antrian 1 PCS,Rp144.860,,Toko CalyasJakarta Barat
Wireless Calling System Receiver Pager Mesin Antrian - SU668,Rp154.000,,Kilo BravoJakarta Barat
Mesin antrian wireless 2LED 4 Loket,Rp2.900.000,5.03 terjual,atmen storeKab. Temanggung
RTKS Wireless Calling System Restaurant Mesin Antrian 16 Pager,Rp1.299.900,1 terjual,TOSERBA BANDUNG ONLINESHOPBandung
KIOS K MESIN ANTRIAN BPJS LENGKAP,Rp13.500.000,,BMSITSTORESemarang
Display Mesin Antrian Otomatis 7 Segment,Rp2.400.000,,prima electronicJakarta Barat
Mesin Antrian Rumah Sakit BPJS,Rp13.900.000,,BMSITSTORESemarang
Wireless Calling System Restaurant Rumah Makan Mesin Antrian Panggil 10 Pcs Pager Set - Set 10Rec,Rp2.050.000Rp2.932.500,1 terjual,HomeProdukOnlineJakarta Utara
MESIN ANTRIAN MODEL TOMBOL SEMI MULTIMEDIA,Rp18.500.000,,BMSITSTORESemarang
MESIN ANTRIAN MODEL TOMBOL SEMI MULTIMEDIA,Rp22.000.000,,banking equipmentSemarang
Mesin Antrian Bank BJB BRI Mandiri BNI BPR,Rp21.000.000,,BMSITSTORESemarang
mesin antrian restoran kafe Wireless Calling System Restaurant Mesin Antrian 10 Pager - SU-68G-10 - Black,Rp1.506.700,,Azkindo PratamaBekasi
"Kios K Mesin Antrian Digital 21,5 Inch Touchscreen",Rp17.500.000,,BMSITSTORESemarang
MESIN ANTRIAN SEKOLAH 17 INCH TOUCHSCREEN,Rp19.000.000,,banking equipmentSemarang
Wireless Calling System Restaurant Mesin Antrian 16 Pager,Rp1.157.700Rp2.315.500,,Afika SmarthomeJakarta Barat
Mesin Antrian  InterActive Wireless Mini Queue System (WMQS),Rp2.800.000,,InterActive Official StoreSurabaya
RETEKESS Wireless Calling System Restaurant Mesin Antrian 20 Pager -,Rp3.080.032,,klik niagaJakarta Barat
Printer Controller untuk Mesin Antrian,Rp1.075.000,5.030+ terjual,MAESTRO LEDSurabaya
Wireless Calling System Restaurant Mesin Antrian 10 Pager - TD177,Rp1.255.900,,BELIKIJakarta Barat
box mesin antrian android kiosk,Rp4.000.000,,BMSITSTORESemarang
Wireless Calling System LED Display Mesin Antrian Speaker,Rp920.000Rp1.150.000,,HomeProdukOnlineJakarta Utara
Kios K Mesin Antrian Double Printer + TAP NFC,Rp19.300.000,,BMSITSTORESemarang
Wireless  Bel Calling System Restaurant Rumah Makan Cafe Mesin Antrian 10 Pager,Rp2.855.700,,HomeProdukOnlineJakarta Utara
Kios K Mesin Antrian Double Printer + TAP NFC Custom,Rp19.300.000,,BMSITSTORESemarang
Wireless Calling System Restaurant Mesin Antrian 10 Pager - TD156,Rp2.273.300,,BELIKIJakarta Barat
Wireless Calling System Restaurant Restoran Cafe Mesin Antrian 10 Pager RETEKESS TD174,Rp1.450.000,,K.T SHOPSurabaya
RETEKESS Wireless Calling System Restaurant Mesin Antrian 10 Pager - T116A,Rp1.143.900,,DiBudgetinJakarta Barat
Wireless Calling System Receiver Pager Mesin Antrian - SU668,Rp154.000,,KasiSolusiJakarta Barat
Mesin Pemanggil Antrian Loket Wireless LED Display 3 FULLSET Speaker Calling System,Rp899.000Rp959.000,4 terjual,Kawan Lama 88Jakarta Barat
Restaurant Paging System Iware Q10M-Mesin Antrian Alarm Cafe Restraurant-10 Pager Alarm 3 Mode,Rp1.400.000,,andalassuryagemilangSurakarta
Wireless Calling System Restaurant Mesin Antrian 10 Pager - TD158,Rp1.256.000,,KasiSolusiJakarta Barat
Wireless Calling System Receiver Pager Mesin Antrian 1 PCS - LFTZ44,Rp75.200,,BELIKIJakarta Barat
Wireless Calling Receiver System LED Mesin Antrian Speaker - T114,Rp351.600,,KasiSolusiJakarta Barat
Wireless Calling System Receiver Pager Mesin Antrian - SU668,Rp154.000,,CENTRAL KITJakarta Barat
Mesin Antrian System / Antrian Mesin System 3 Display 1 keypad Call,Rp7.250.000,1 terjual,touchindoJakarta Utara
Mesin Antrian Design Modern (Box Only),Rp3.850.000,1 terjual,PROLABELSurabaya
Mesin Antrian System Layar Display Tanpa Keypad,Rp2.050.000,,touchindoJakarta Utara
Mesin Antrian Cafe Bar PUB Distro Pujasera Pager Restoran CPS-T112,Rp2.980.000,1 terjual,USUKMA-GROSIR-JKTJakarta Pusat
Printer Thermal Mesin Antrian,Rp1.180.000,100+ terjual,Sala3.NETSalatiga
Wireless Calling System Receiver Pager Mesin Antrian for CTP302,Rp75.560,,Toko CalyasJakarta Barat
Wireless Calling System Restaurant Mesin Antrian 16 Pager BJK-HPBK Warna Black,Rp1.355.410,,CV BUMI JEJAK KREASIBogor
RTKS Wireless Calling System Receiver Pager Mesin Antrian 1 PCS - QC10,Rp63.200Rp91.600,,Bahira01Jakarta Barat
Mesin Antrian InterActive Simple Multimedia Queue System,Rp5.900.000,,InterActive Official StoreSurabaya
Mesin Panggil Antrian Foodcourt Paging System Calling Antrian Guest food court 20 pager Alat Bell,Rp2.083.000Rp2.240.000,5.02 terjual,T4shoppingTangerang
Wireless Calling System Restaurant Mesin Antrian 16 Pager - TD175,Rp1.029.800,2 terjual,BELIKIJakarta Barat
16PCS Restaurant Call Mesin Antrian WirelessCalling System,Rp2.893.520Rp2.983.010,,Laa_Tahzan storeJakarta Pusat
Mesin Antrian 3 Loket Wireless + Display Loket + Survey Kepuasan,Rp22.850.000,5.01 terjual,LuminixSalatiga
RTKS Wireless Calling System Restaurant Mesin Antrian 16 Pager -,Rp1.098.052,,klik niagaJakarta Barat
Wireless Calling System Text Display Mesin Antrian 10 Pager - TD166,Rp4.534.100,,BELIKIJakarta Barat
Mesin Antrian Pager Wireless Calling System Restaurant - 10 Pager,Rp1.690.000,,TAFFHOME STOREJakarta Barat
Console Box Mesin Antrian BPJS,Rp11.000.000,,cv rdv indo printKab. Sumedang
Wireless Calling System LED Mesin Nomor Antrian Speaker Keypad - TD101,Rp1.393.520,,OnePortalJakarta Barat
box mesin antrian,Rp6.050.000,3 terjual,banking equipmentSemarang
kontrol printer tiket mesin antrian antri,Rp800.000,1 terjual,atmen storeKab. Temanggung
"Kios touchscreen 17"" mesin antrian anjungan murah promo",Rp9.250.000,,prima jaya komputer cctv & advertisingTasikmalaya
Wireless Calling System Restaurant Mesin Antrian 20 Pager - S,Rp1.841.400,,BestIndoTechnoJakarta Barat
Mesin Antrian Multiguna Portable Wireless Calling System Restaurant,Rp1.999.000,,PT. Gaishan_Store19Kab. Tangerang
Wireless Calling System Restaurant Mesin Antrian 16 Pager - CTP301,Rp1.243.000,,onlineplazaJakarta Utara
Mesin Antrian 3 digit Dengan Voice (Murah dan Usefull),Rp2.200.000,4.924 terjual,Sala3.NETSalatiga
Mesin Antrian InterActive PCQue Web V2,Rp6.270.000,,InterActive Official StoreSurabaya
RTKS Wireless Calling System Restaurant Mesin Antrian 10 Pager -,Rp1.283.404,,klik niagaJakarta Barat
Pager Wireless Calling System Receiver Pager Mesin Antrian for CTP302,Rp75.560,,TAFFHOME STOREJakarta Barat
Wireless Calling System Restaurant Mesin Antrian 20 Pager Hitam T112 RETEKESS,Rp2.225.000,,JLSMarketJakarta Barat
Mesin Antrian 3 Digit Wireless Dengan Printer Auto Cutter Touchless,Rp4.500.000,5.05 terjual,Sala3.NETSalatiga
Wireless Calling System Receiver Pager Mesin Antrian - SU668,Rp153.900,,BELIKIJakarta Barat
"Mesin Antrian Food Court Restoran Cafe Wireless Calling Paging System - WPS-716-16Pager, Hitam",Rp1.299.999Rp2.300.000,,Maslinda StoreJakarta Barat
Wireless Calling System Restaurant Mesin Antrian 20 Pager - TD167F,Rp2.838.500,,BELIKIJakarta Barat
Wireless Calling System Restaurant Mesin Antrian 20 Pager - T116,Rp1.482.100,,KasiSolusiJakarta Barat
Wireless Calling System LED Mesin Nomor Antrian Speaker Keypad - TD101,Rp1.393.520,,OnePortalJakarta Barat
Paket Lengkap Mesin Wireless Calling System Restaurant Mesin Antrian 10 Pager - LFTZ44,Rp1.261.600,,BudgetGadgetJakarta Barat
Wireless Calling System Receiver Pager Mesin Antrian for CTP302,Rp75.000Rp150.000,,Maslinda StoreJakarta Barat
Tombol panggil mesin antrian wireless WiFi,Rp350.000,5.017 terjual,Stufi MediaKab. Banyumas
Wireless Calling System Receiver Pager Mesin Antrian 1 PCS,Rp119.300Rp238.600,,Afika SmarthomeJakarta Barat
Wireless Calling System Mesin Antrian Restauran Caffe Shop 10 Pager Alarm 3 Mode IWARE Q10M,Rp1.500.000,,drexellindo shopTangerang Selatan
MESIN ANTRIAN HEMAT KUALITAS,Rp9.500.000,,MESIN ANTRIAN BANDUNGBandung
Stock Ready Printer Antrian Mesin Antrian Versi 4 Terlaris,Rp1.789.000,,kanekisellerDepok
RETEKESS Wireless Calling System Restaurant Mesin Antrian 10 Pager -,Rp1.109.505,,klik niagaJakarta Barat
Mesin nomor antrian loket LED + speaker SET / Wireless Calling Sistem C34Pro,Rp429.000Rp699.000,2 terjual,Kawan Lama 88Jakarta Barat
Wireless Calling System Restaurant Mesin Antrian 20 Pager - T116,Rp1.482.000,,BELIKIJakarta Barat
Mesin antrian wireless 2 Loket logo,Rp2.600.000,4.85 terjual,atmen storeKab. Temanggung
Mesin Antrian InterActive Mini Queue System (MQS),Rp2.200.000,,InterActive Official StoreSurabaya
box mesin antrian bpjs,Rp2.700.000,,cv rdv indo printKab. Sumedang
Mesin Antrian Bel Cafe Restoran 20 Pager Wireless Calling System Alarm - TD163,Rp3.374.500,,Buzper OfficialJakarta Barat
Mesin antrian 2LED 1 Loket,Rp1.500.000,5.05 terjual,atmen storeKab. Temanggung
Mesin Antrian InterActive Wireless Simple Multimedia Queue System,Rp7.000.000,,InterActive Official StoreSurabaya
Smart Box Wireless Calling System Mesin Antrian 20 Pager - TD167S,Rp916.700,,BELIKIJakarta Barat
Mesin Pemanggil Antrian Wireless Calling System Restaurant 20 Pager,Rp2.600.320,,TAFFHOME STOREJakarta Barat
"Kiosk Wide 32"" | Mesin Antrian Premium",Rp15.000.000,,IndonesiankioskKediri
printer tiket nomor mesin antrian 24D3ZZ4 tools n parts,Rp1.425.000,,anitaayuuDepok
Mesin antri wireless 5 loket,Rp2.600.000,2 terjual,atmen storeKab. Temanggung
Wireless Calling System Restaurant Pager Mesin Antri Bel Panggil resto,Rp2.950.000,2 terjual,MG ElektronikJakarta Pusat
mesin antri 4 loket sederhana,Rp1.700.000,4 terjual,atmen storeKab. Temanggung
alat mesin antri panggil panggilan pemanggil Wireless Calling System Restaurant Mesin Antrian 10 Pager - Hitam,Rp2.014.042Rp2.055.145,,CMAG storeJakarta Barat
printer nomor mesin antri antrian,Rp1.200.000,30+ terjual,atmen storeKab. Temanggung
alat mesin antri panggil panggilan pemanggil Wireless Calling System Restaurant Mesin Antrian 10 Pager Coms store,Rp2.014.042Rp2.055.145,,Coms StoreJakarta Barat
Mesin antri wireless 2 loket,Rp1.550.000,10 terjual,atmen storeKab. Temanggung
Mesin antri dg nama 3 Loket,Rp2.300.000,1 terjual,atmen storeKab. Temanggung
printer tiket antri antrian autocutter,Rp1.750.000,30+ terjual,atmen storeKab. Temanggung
mesin antri LED 4 loket 4 layanan,Rp1.450.000,3 terjual,atmen storeKab. Temanggung
Paket Mesin Antrian Android Lengkap Tinggal pasang,Rp25.000.000,,NT IndonesiaSurabaya
Mesin Antrian Multimedia Komplit - 3 Loket,Rp27.115.000,1 terjual,LuminixSalatiga
Mesin antrian remote 2LED 3 Loket,Rp2.550.000,3 terjual,atmen storeKab. Temanggung
speaker aktif mesin antrian,Rp450.000,5.023 terjual,atmen storeKab. Temanggung
RETEKESS Pager Alarm Wireless Calling System Restaurant Mesin Antrian 24 / 30 Pager,Rp2.075.000,,Distributor Elektronik23Jakarta Utara
mesin antri wireless komputer 4 loket,Rp2.400.000,2 terjual,atmen storeKab. Temanggung
Mesin antri display 2 loket sederhana,Rp1.050.000,11 terjual,atmen storeKab. Temanggung
mesin antri wireless komputer 7 loket,Rp3.450.000,1 terjual,atmen storeKab. Temanggung
printer tiket antrian antri ada jam,Rp1.000.000,20 terjual,atmen storeKab. Temanggung
MESIN ANTRIAN BANKING V1ING ALL IN,Rp26.000.000,,banking equipmentSemarang
mesin cetak nomor antrian,Rp4.800.000,,cv rdv indo printKab. Sumedang
Wireless Calling System Restaurant 16 Pager mesin antrian restoran,Rp1.986.000,5.0,Mandiri TulisKab. Sleman
Mesin Antrian 11 Pager resto Wireless Calling System Restaurant - SU-668,Rp1.800.000,,WarunkNgonlineJakarta Barat
RTKS S68G Wireless Calling System Alarm mesin Antrian restoran 10 Slot,Rp1.499.000,,Amperis GadgetJakarta Barat
mesin antrian bank,Rp13.000.000,5.01 terjual,cv rdv indo printKab. Sumedang
box mesin antrian nomor,Rp3.750.000,,nadil-22Surabaya
Wireless Calling System Text Display Mesin Antrian 10 Pager - TD166,Rp4.534.200,,KasiSolusiJakarta Barat
Wireless Calling System Restaurant Mesin Antrian 10 Pager Hitam LFTZ44 RTKS,Rp1.145.000,,JLSMarketJakarta Barat
Wireless Calling System Restaurant Mesin Antrian 16 Pager,Rp1.132.800Rp1.313.340,,TeknologistJakarta Barat
Wireless Calling System Text Display Mesin Antrian 10 Pager - TD159,Rp4.986.300,,BELIKIJakarta Barat
Paket Mesin Antrian System 2 Display 1 Keypad Calling Button,Rp4.800.000,2 terjual,touchindoJakarta Utara
MESIN ANTRIAN BANK  DAN SOFTWARE CUSTOM,Rp24.500.000,,banking equipmentSemarang
mesin antrian LED 3 loket,Rp1.250.000,4 terjual,atmen storeKab. Temanggung
MESIN ANTRIAN SEKOLAH 19 INCH TOUCHSCREEN,Rp21.000.000,,banking equipmentSemarang
"Kiosk All In One Mesin Antrian,Mesin Informasi,Mesin Scan Pembayaran",Rp18.500.000,,touchindoJakarta Utara
Kertas Thermal Roll Codeshop 80 X 80 mm Hitam Mesin Antrian Parkir,Rp16.500,2 terjual,codeshop makassarMakassar
Wireless Calling System Restaurant Mesin Panggil Antrian 16 Pager Queue Bell Call Alarm Bel Cafe Restoran,Rp1.523.000,,okwbosMedan
Digital Signage 22 19 17 Inchi Mesin Antrian Custome Built In Touch,Rp49.999.999,,algotechJakarta Barat
Wireless Calling System Receiver Pager Mesin Antrian 1 PCS - QC10,Rp54.900,,BELIKIJakarta Barat
Wireless Calling System Receiver Pager Mesin Antrian for CTP302,Rp63.900,,KasiSolusiJakarta Barat
Pager Restoran Mesin Antrian Wireless Calling System 10 Call Channels,Rp1.575.000Rp1.950.000,,Gudang PrimaJakarta Barat
mesin antrian tiket type FMS satu tombol,Rp3.359.000,4.02 terjual,fainsyKab. Bandung
Wireless Calling System Text Display Mesin Antrian 10 Pager - TD159,Rp4.986.400,,KasiSolusiJakarta Barat
lemari mesin antrian kisok,Rp4.600.000,5.011 terjual,banking equipmentSemarang
Tombol panggil mesin antrian dg angka,Rp300.000,5.09 terjual,atmen storeKab. Temanggung
Tombol panggil mesin antrian dg angka,Rp300.000,9 terjual,atmen storeKab. Temanggung
Kios K Mesin Antrian Klinik Puskesmas BPJS,Rp19.500.000,,banking equipmentSemarang
Mesin antrian 2LED 1 Loket,Rp1.500.000,5 terjual,atmen storeKab. Temanggung
Mesin Antrian Wireless Calling System Pager Cafe Restoran 16 Call,Rp1.293.000,11 terjual,W4ndeyJakarta Timur
Mesin antrian remote 2LED 2 Loket,Rp2.200.000,6 terjual,atmen storeKab. Temanggung
mesin antrian wireless auto cut,Rp3.125.000,,VETRONIKSemarang
MESIN ANTRIAN BANK,Rp15.000.000,,BCOMP MAKASSARMakassar
Mesin Antrian Pager Restoran Alarm Wireless Call Queue System / Stavolt / Stabilizer Listrik,Rp1.780.000,1 terjual,Serba Hobi MakassarMakassar
Wireless Calling System Restaurant Mesin Antrian 16 Pager Panggil Cafe,Rp1.250.000,,Gudang PrimaJakarta Barat
Wireless Calling Mesin Antrian Cafe Restoran - Coffeshop - SPA - KTV,Rp1.490.000,10 terjual,EtalaseBelanja StoreJakarta Pusat
kontrol printer tiket mesin antrian antri,Rp800.000,5.01 terjual,atmen storeKab. Temanggung
Wireless Calling Waiting System Restaurant Mesin Tunggu Antrian Bel Pemanggil Customer Pengunjung Restoran Cafe Rumah Makan 1 Mesin 10 Pager,Rp3.450.000Rp5.314.200,,CV PERKAKAS JAYAJakarta Barat
layar tambahan mesin antrian 16x32,Rp700.000,5.012 terjual,atmen storeKab. Temanggung
Wireless Calling System Receiver Pager Mesin Antrian for CTP302,Rp63.800,,BELIKIJakarta Barat
Kios K Mesin Antrian 17 Inch Display LCD Ticketing Pelayanan Plus Software,Rp22.000.000,,Printer ID SemarangSemarang
MESIN ANTRIAN TOUCHSCREEN MURAH,Rp13.000.000,,MESIN ANTRIAN BANDUNGBandung
Promo Mesin Alarm Mesin Pager Mesin Antrian Restoran Wireless Call Queue Paging System 16 Pager Praktis Sangat Membantu Mengatasi Kendala Antrian pada Usaha Restoran Anda,Rp1.359.873Rp3.000.000,,Habibi Shop 88Semarang
Baterai Buat Pager Mesin Antrian Promick CPS-T112,Rp75.000,3 terjual,EtalaseBelanja StoreJakarta Pusat
Struk Kasir Parkir 80x140 Mesin Antrian 80 x 140 Otani 80x140mm,Rp57.000,,CODESHOP SURABAYA TIMURSurabaya
Mesin Antrian Wirelless 16 Pager Calling System Restaurant,Rp1.350.000,1 terjual,Toko CalyasJakarta Barat
MESIN ANTRIAN RESTORAN 1 MESIN 16 PAGER PRAKTIS HARGA PALING EKONOMIS,Rp2.030.000,1 terjual,newelectroJakarta Utara
Populer- Printer Antrian Mesin Antrian Versi 4,Rp1.765.000,,Dewa DaganganJakarta Timur
Wireless Calling System LED Display Mesin Antrian Speaker - C34 Pro,Rp500.700,,BudgetGadgetJakarta Barat
"Mesin Antrian Kiosk Touchscreen 19"" Mesin Antrian Anjungan Blns",Rp25.603.900,,BullansJakarta Timur
sale Terbaru Mesin Antrian Sistem Antrian Sederhana Android Ready,Rp2.026.000,,OfficeWorldTangerang Selatan
dispenser kiosk android mesin antrian,Rp4.300.000,,banking equipmentSemarang
Mesin Antrian Bank Bengkulu (multimedia-wireless-touchscreen),Rp30.000.000,,Kyu QMSPalembang
Printer Antrian Mesin Antrian Versi 4,Rp1.652.000,,toko_gemilang77Semarang
Wireless Calling System LED Display Mesin Antrian Speaker - C34 Pro Warna Hitam Jumlah Angka 4 Digit,Rp773.000,,TokoXtraSurabaya
Tombol wireless mesin antrian,Rp350.000,5.018 terjual,atmen storeKab. Temanggung
mesin antrian 1 *sudah termasuk printer*,Rp3.500.000,4.02 terjual,TxttechKab. Wonosobo
Smart Box Wireless Calling System Mesin Antrian 20 Pager - TD167S,Rp916.900,,KasiSolusiJakarta Barat
pager wireless calling system mesin antrian kasir restoran klinik RS,Rp1.299.900,,Just'In OL shopBandung
Wireless calling System Restaurant Mesin Antrian Gacoan 10 Pcs,Rp1.500.000Rp1.700.000,,TAKERU STORESurabaya
RTKS Wireless Calling System Receiver Pager Mesin Antrian for CTP302 - TD157,Rp73.700Rp95.100,1 terjual,Bahira01Jakarta Barat
Wireless Calling System Receiver Pager Mesin Antrian for CTP302,Rp63.700,,importermurahJakarta Barat
Mesin Bel Pager Wireless antrian pangglan call restoran cafe 16 pager,Rp1.120.000,,FASTCOMMJakarta Utara
display mesin antrian #3 5 loket,Rp1.800.000,4.02 terjual,TxttechKab. Wonosobo
Wireless Calling System LED Display Mesin Antrian Speaker Sistem Antrian Inovatif sinyal 433 MHz 1Km Jarak 3/4 Digit C34 Pro,Rp698.000,,Tas VisionJakarta Barat
Mesin Antrian Wireless Bel Cafe Restoran 10 Pager Calling System Queue Alarm - TD177,Rp1.688.000,,Buzper OfficialJakarta Barat
MESIN ANTRIAN PELAYANAN CUSTOM DESIGN,Rp29.000.000,,banking equipmentSemarang
printer nomor mesin antrian autocutter,Rp1.700.000,12 terjual,atmen storeKab. Temanggung
MESIN ANTRIAN PELAYANAN DAN SOFTWARE CUSTOM,Rp24.000.000,,banking equipmentSemarang
Tombol wireless mesin antrian,Rp350.000,18 terjual,atmen storeKab. Temanggung
Mesin antrian kiosk puskesmas klinik lengkap,Rp21.000.000,8 terjual,banking equipmentSemarang
"Kiosk touchscreen 17"" mesin antrian anjungan terjangkau tanpa software",Rp9.449.000,6 terjual,Ologis Official StoreJakarta Selatan
Mesin antrian display 1 loket sederhana,Rp850.000,100+ terjual,atmen storeKab. Temanggung
"Mesin Antrian Puskesmas Kiosk touchscreen 17"" Terjangkau komplit",Rp17.760.000,8 terjual,Ologis Official StoreJakarta Selatan
Mesin antrian wireless 2 Loket logo,Rp2.600.000,5 terjual,atmen storeKab. Temanggung
"Mesin Antrian Kiosk touchscreen 17"" mesin antrian anjungan",Rp20.800.000,9 terjual,Ologis Official StoreJakarta Selatan
Mesin Antrian Komputer TouchScreen Minimalis,Rp22.800.000,5.01 terjual,Pawe_CoffeeKab. Malang
Stock Ready Box Mesin Antrian Casing Kiosk 17 Dan 19 In Terlaris,Rp4.559.000,,warungonline_officeBandar Lampung
Mesin Antrian Wireless Bel Cafe Restoran 20 Pager Calling System Queue Alarm - T116,Rp1.994.500,,Buzper OfficialJakarta Barat
Wireless Calling System Restaurant Mesin Antrian 16 Pager - CTP301,Rp1.019.300,,BELIKIJakarta Barat
Mesin Antrian Bel Cafe Restoran 20 Pager Wireless Calling System Queue Alarm - TD172,Rp1.841.200,,Buzper OfficialJakarta Barat
Mesin antrian wireless 2LED 4 Loket,Rp2.900.000,3 terjual,atmen storeKab. Temanggung
"Mesin Antrian Kantor Pajak Kiosk touchscreen 17"" Terjangkau komplit",Rp17.760.000,1 terjual,Ologis Official StoreJakarta Selatan
mesin antrian bank,Rp14.000.000,,cv rdv indo printKab. Sumedang
PAKET MESIN ANTRIAN RUMAH SAKIT/PUSKESMAS/KLINIK JKN BPJS,Rp12.890.000,,PROLABELSurabaya
"Kiosk Touchscreen 19"" Mesin Antrian Anjungan Mandiri Murah",Rp9.449.000,,Ologis Official StoreJakarta Selatan
Mesin Alarm Antrian Wireless Restoran Kios Cafe Pager Calling System,Rp1.900.000,,TOKO OLIOJakarta Barat
Restaurant Paging System Iware Q10M-Mesin Antrian Alarm Cafe Restraurant-10 Pager Alarm 3 Mode,Rp1.400.000,,ANDALAS COMPUTER ACCSurakarta
Wireless Calling System Restaurant Mesin Antrian 16 Pager Cafe Restoran Modern Sistem Alarm Dapat Terhubung hingga 998 Pager Bertahan 20 Jam RTKS  CTP301,Rp980.000,,Tas VisionJakarta Barat
RTKS Wireless Calling System Restaurant Mesin Antrian Cafe Coffee Shop 11 Pager - SU-668,Rp1.850.000,,Bawah TanggaJakarta Barat
PAKET MESIN ANTRIAN PELAYANAN KESEHATAN,Rp13.999.000,5.07 terjual,Bcompbiz Digital TeknologiBogor
Mesin Antrian Wireless Calling System Restaurant 16 Pager - CTP301,Rp1.439.000Rp1.788.000,,Mitra Sarana NusaBekasi
Foodcourt Paging System Calling Guest food court pager Sharkpos RP20A / Mesin Antrian Restoran,Rp2.235.000Rp5.900.000,,TokoITOnlineSurabaya
Mesin Antrian Bel Cafe Restoran 20 Pager Wireless Calling System Queue Alarm - TD183,Rp3.630.600,,Buzper OfficialJakarta Barat
Wireless Calling System Receiver Pager Mesin Antrian 1 PCS - CTP301,Rp60.600,,BELIKIJakarta Barat
lemari mesin antrian plat besi custom,Rp8.250.000,5.01 terjual,cv rdv indo printKab. Sumedang
PAKET MESIN ANTRIAN RS/KANTOR/PUSKESMAS/INSTANSI TOUCHSCREEN FREE APLIKASI BERGARANSI LANGSUNG KIRIM,Rp17.500.000,,PROLABELSurabaya
tombol panggil loket mesin antrian,Rp220.000,15 terjual,atmen storeKab. Temanggung
Wireless Calling System Restaurant Pager Mesin Antrian - Full Set,Rp1.316.500Rp1.880.600,1 terjual,Socko GrosirJakarta Barat
mesin antrian bank dll,Rp23.000.000,,cv rdv indo printKab. Sumedang
Pager Restoran Cafe Mesin Antrian Wireless Calling System 10 Channels - Hitam,Rp1.682.010Rp1.699.000,,CMAG storeJakarta Barat
mesin kiosk antrian custom plat besi 150x45,Rp14.500.000,,Giliantz EnterpriseBandung
MESIN ANTRIAN TOUCHSCREEN LAYANAN BANK,Rp23.000.000,,BMSITSTORESemarang
Wireless Calling System LED Display Mesin Antrian Speaker,Rp599.900,,TOSERBA BANDUNG ONLINESHOPBandung
MESIN ANTRIAN BANK,Rp13.999.000,5.02 terjual,Bcompbiz Digital TeknologiBogor
Sistem Mesin Antrian Wireless 1 console,Rp2.700.000,,2R Hardware & ElectronicSurabaya
Mesin Antrian 3 Loket wiralles Digital,Rp16.200.000,,VETRONIKSemarang
Alat Antrian Pesanan Makanan Restoran Wireless Call System Mesin Panggil Antrian Pager Pemanggil Konsumen,Rp1.499.000,,SAKO SAVORJakarta Barat
Mesin Alat Antrian LED Display dengan Speaker / Wireless Calling System 3 & 4 Digit with Remote ORIGINAL,Rp545.800,,Ghani Gadget StoreJakarta Barat
"Mesin Antrian Bank, Pajak, Puskesmas, Profesional",Rp38.500.000,,Datascrip Service CenterJakarta Utara
Mesin Antrian Komputer TouchScreen Minimalis Best,Rp32.170.000,,HARDWARE HOODJakarta Timur
MESIN KASIR KIOSK POS STANDING SELF SERVICE | POSBANK KOREA BIGPOS TL2150,Rp42.400.000,,AGMTechJakarta Utara
MESIN ABSENSI A3,Rp49.000Rp239.000,23 terjual,Keissha ShopJakarta Timur
Wireless Calling System Pager Restaurant 10 Pager Pemanggil Antrian Pengunjung Alat Panggil Resto,Rp2.391.000,,Daily-MallTangerang
Pita / Tinta Mesin Absensi Krisbow MT-6100N,Rp70.000,250+ terjual,MSI KomputerJakarta Pusat
Pita / Tinta Mesin Absensi Krisbow MT6100,Rp70.000,12 terjual,MSI KomputerJakarta Pusat
Printer tiket antrian mesin antrian,Rp1.350.000,5.01 terjual,pusat_jadwal_sholatKab. Sidoarjo
Mesin Antrian Bundling 19 Inch,Rp30.000.000,5.01 terjual,BMSITSTORESemarang
KERTAS THERMAL ROLL CODESHOP 80 X 80 MM - MESIN ANTRIAN & PARKIR,Rp15.000,1 terjual,CODESHOP SURABAYA TIMURSurabaya
Mesin Antrian Bel Cafe Restoran 10 Pager Wireless Calling System Alarm - TD164,Rp1.534.500,,Buzper OfficialJakarta Barat
Wireless Calling System Restaurant Pager - Mesin Antrian Alarm Cafe,Rp2.495.000,,Viracode OfficialSurabaya
mmc nada bel otomatis atau mesin antrian,Rp70.000,5.01 terjual,atmen storeKab. Temanggung
Wireless Calling System Restaurant Mesin Antrian 20 Pager - TD163,Rp3.599.999,,OnePortalJakarta Barat
Mesin Antrian Nomor Display Queue Number Calling System Order Caller QMS Management Mesin Nomor Antrian Restoran Cafe Resepsonis,Rp497.100,,Gudang Grosir Import MurahJakarta Barat
Wireless Calling System Restaurant Mesin Antrian 16 Pager,Rp1.299.900,,TOSERBA BANDUNG ONLINESHOPBandung
Wireless Calling System LED Display Mesin Antrian Speaker - C34 Pro Warna Hitam Jumlah Angka 4 Digit,Rp628.000,,ZileniumJakarta Barat
RTKS Wireless Calling System Receiver Pager Mesin Antrian for CTP302 - TD157 Baterai Plastik Alarm Bell,Rp73.800,,Dolca IDJakarta Barat
Kios K Mesin Antrian Digital Dengan Kamera Barcode Dan Fingerprint,Rp23.000.000,,banking equipmentSemarang
RTKS Wireless Calling System Restaurant Mesin Antrian 16 Pager alat panggilan resto pelanggan pengunjung pesanan kasir nomor - CTP301 - Black,Rp1.300.000,,MyHanifahSemarang
Wireless Calling System Restaurant Mesin Antrian 10 Pager - TD156,Rp2.273.400,,KasiSolusiJakarta Barat
Mesin antrian LED dua sisi 1 loket,Rp1.200.000,5.03 terjual,atmen storeKab. Temanggung
PAKET MESIN ANTRIAN PUSKESMAS HEMAT,Rp12.798.900,,Zabuza 1704Jakarta Barat
Mesin Antrian Wireless Paket 1 - Solusi Sederhana untuk Rumah Makan & Kafe,Rp950.000,,Zetronic - Mesin Antrian dan Kiosk AntrianBandung
Paket Kios K Mesin Antrian Sekolah 19 Inch,Rp15.250.000,,rdvindoprintBekasi
mesin antrian wireless komputer 2 loket,Rp1.700.000,5.02 terjual,atmen storeKab. Temanggung
mesin antrian wireless komputer 5 loket,Rp2.750.000,5.03 terjual,atmen storeKab. Temanggung
WIRELESS CALLING LED MESIN ANTRIAN SPEAKER BANK RESTO DOKTER KANTOR,Rp999.900Rp1.500.000,,ZoMi Official ShopBandung
Kiosk - 19 inch Mesin Antrian Windows,Rp12.000.000,,LED-Display-DigitalJakarta Barat
RTKS Wireless Calling System Receiver Pager Mesin Antrian for CTP302 - TD157,Rp60.500,,OwllivesJakarta Barat
"Mesin Antrian BPJS, PUSKESMAS, KLINIK, APOTEK Terlaris...!!!",Rp11.500.000,,DSI Deluxe CCTVKab. Kudus
Wireless Caller Buzzer Pager Cafeshop Restaurant Rumah Makan Mesin Panggil Antrian 16 Pager - CTP301 - Black,Rp1.480.000,,AhatechSemarang
Wireless Calling System Restaurant Mesin Antrian 20 Pager Biru TD167F RETEKESS,Rp2.875.000,,JLSMarketJakarta Barat
Wireless Calling Waiting System Mesin Tunggu Antrian Bel 16 Pager Wireless Pemanggil Antrian Restaurant Queue System Bergaransi 1 Bulan,Rp1.050.000,,TRUSTED SELLERSJakarta Barat
Retekess TD158 Wireless Calling System Mesin Antrian Model Bulat,Rp1.690.000,,CVG StoresJakarta Pusat
Mesin Antrian Wirelesss 4 layanan Dengan Printer Auto Cut,Rp5.700.000,,Sala3.NETSalatiga
kabel tombol loket mesin antrian,Rp10.000,5.0100+ terjual,atmen storeKab. Temanggung
Paket Mesin Antrian Digital 17 Inch Non TKDN + Software + Packing Kayu,Rp17.325.000,5.01 terjual,BcompbizBogor
MESIN ANTRIAN WIRELESS VERSI BASIC,Rp3.081.000,,DigitallElektronikCimahi
TERLARIS CONTROLLER MESIN ANTRIAN TING TONG + KEYPAD TERLARIS,Rp750.000,,rcvapestoreBekasi
Mesin panggil karcis antrian alat antri display antrian wireless,Rp1.000.000,5.01 terjual,Stufi MediaKab. Banyumas
PRINTER THERMAL KASIR EP200II MESIN ANTRIAN 80MM [AUTOCUTTER/USB/RJ11],Rp774.000,,GOLDEN NIRWANA 57Kab. Sleman
